id,first_name,last_name,gender,email,ip_address,domain_name,toplevel_domain
1,Margaretta,Laughtisse,genderfluid,mlaughtisse0@mediafire.com,34.148.232.131,mediafire,com
2,Vally,Garment,bigender,vgarment1@wisc.edu,15.158.123.36,wisc,edu
3,Tessa,Curee,bigender,tcuree2@php.net,132.209.143.225,php,net
4,Arman,Heineking,male,aheineking3@tuttocitta.it,157.110.61.233,tuttocitta,it
5,Roselia,Trustie,non-binary,rtrustie4@ft.com,49.55.218.81,ft,com
6,Roxie,Springett,male,rspringett5@deviantart.com,51.206.104.138,deviantart,com
7,Gabi,Kernell,female,gkernell6@hugedomains.com,223.30.27.146,hugedomains,com
8,Dino,Kentwell,agender,dkentwell7@com.com,107.244.52.181,com,com
9,Petronilla,Jandel,female,pjandel8@amazon.co.uk,187.54.208.203,amazon,co
10,Courtnay,Zecchinelli,genderfluid,czecchinelli9@cam.ac.uk,80.96.245.191,cam,ac
11,Sunny,Kennermann,genderqueer,skennermanna@quantcast.com,211.13.246.106,quantcast,com
12,Dayle,McCrachen,genderqueer,dmccrachenb@booking.com,159.232.55.236,booking,com
13,Cassie,Perschke,genderqueer,cperschkec@goo.gl,193.62.46.4,goo,gl
14,Roshelle,Peskin,genderqueer,rpeskind@patch.com,108.180.147.192,patch,com
15,Carlie,Simonnot,female,csimonnote@surveymonkey.com,220.154.167.3,surveymonkey,com
16,Gan,Siuda,agender,gsiudaf@ucoz.ru,118.117.172.157,ucoz,ru
17,Klarika,Filimore,agender,kfilimoreg@creativecommons.org,16.111.119.168,creativecommons,org
18,Lennie,Bilbrook,bigender,lbilbrookh@hatena.ne.jp,162.30.71.206,hatena,ne
19,August,Cristoforo,genderfluid,acristoforoi@goo.ne.jp,30.231.88.242,goo,ne
20,Avrit,Milburne,bigender,amilburnej@yahoo.com,186.73.151.205,yahoo,com
21,Freeland,Sperling,genderqueer,fsperlingk@a8.net,107.242.151.123,a8,net
22,Brice,Elintune,non-binary,belintunel@mlb.com,217.244.45.24,mlb,com
23,Tobi,Paskell,genderqueer,tpaskellm@reference.com,199.92.204.85,reference,com
24,Silvio,Mewett,bigender,smewettn@theatlantic.com,6.244.103.47,theatlantic,com
25,Moselle,Warnes,genderqueer,mwarneso@noaa.gov,175.199.5.135,noaa,gov
26,Lauri,Duchenne,bigender,lduchennep@gizmodo.com,140.239.46.15,gizmodo,com
27,Callie,Crilley,bigender,ccrilleyq@naver.com,2.188.87.210,naver,com
28,Levon,Pawels,male,lpawelsr@oracle.com,100.164.184.73,oracle,com
29,Artemis,Huygens,non-binary,ahuygenss@php.net,76.174.131.206,php,net
30,Bertrando,Churchill,male,bchurchillt@cbsnews.com,40.191.84.156,cbsnews,com
31,Cammy,Dorset,non-binary,cdorsetu@google.pl,91.89.237.13,google,pl
32,Burr,Hrus,genderqueer,bhrusv@guardian.co.uk,49.225.237.31,guardian,co
33,Hannie,Wattisham,male,hwattishamw@tinyurl.com,133.131.49.90,tinyurl,com
34,Saunder,McAline,non-binary,smcalinex@cdbaby.com,106.89.207.81,cdbaby,com
35,Port,Espinho,male,pespinhoy@springer.com,54.247.6.58,springer,com
36,Ozzy,Penrice,agender,openricez@github.io,141.216.205.27,github,io
37,Brita,Stangoe,bigender,bstangoe10@free.fr,95.182.215.54,free,fr
38,Francisca,Pelosi,non-binary,fpelosi11@trellian.com,165.62.25.157,trellian,com
39,Basil,Hammarberg,genderfluid,bhammarberg12@ifeng.com,143.191.243.251,ifeng,com
40,Marice,Hawkridge,female,mhawkridge13@tripod.com,105.49.49.68,tripod,com
41,Dawn,Heugle,male,dheugle14@bloomberg.com,42.167.11.175,bloomberg,com
42,Ulysses,Hunsworth,genderfluid,uhunsworth15@sourceforge.net,156.183.22.240,sourceforge,net
43,Jose,Harmeston,female,jharmeston16@salon.com,160.79.96.30,salon,com
44,Gerda,McGlone,male,gmcglone17@goo.gl,116.172.154.0,goo,gl
45,Gearard,Ingilson,female,gingilson18@hao123.com,229.233.176.110,hao123,com
46,Serge,Claw,female,sclaw19@comcast.net,154.252.175.71,comcast,net
47,Brion,Mcettrick,genderqueer,bmcettrick1a@edublogs.org,123.191.173.7,edublogs,org
48,Hoyt,Jahndel,non-binary,hjahndel1b@ucsd.edu,3.188.110.201,ucsd,edu
49,Angus,Sime,non-binary,asime1c@edublogs.org,83.132.196.228,edublogs,org
50,Adolpho,Toal,non-binary,atoal1d@intel.com,96.121.42.172,intel,com
51,Debora,Coupar,genderfluid,dcoupar1e@senate.gov,203.61.158.215,senate,gov
52,Gretta,Bernocchi,male,gbernocchi1f@shutterfly.com,96.154.223.166,shutterfly,com
53,Hedwiga,Jacobsen,female,hjacobsen1g@163.com,89.192.10.67,163,com
54,Bryana,Castanos,non-binary,bcastanos1h@dion.ne.jp,24.246.158.20,dion,ne
55,Kermy,Totman,agender,ktotman1i@nih.gov,67.17.44.196,nih,gov
56,Elke,Parlor,polygender,eparlor1j@ebay.com,255.139.102.148,ebay,com
57,Megan,Janssen,genderqueer,mjanssen1k@toplist.cz,231.18.28.42,toplist,cz
58,Eugene,Cadell,male,ecadell1l@cmu.edu,61.170.152.168,cmu,edu
59,Timothee,Gouth,agender,tgouth1m@hatena.ne.jp,93.234.224.18,hatena,ne
60,Alano,Crassweller,agender,acrassweller1n@noaa.gov,143.91.213.38,noaa,gov
61,Allegra,Annand,non-binary,aannand1o@wikispaces.com,251.70.86.184,wikispaces,com
62,Rafaellle,Le Maitre,agender,rlemaitre1p@auda.org.au,154.248.126.153,auda,org
63,Noreen,Hurle,bigender,nhurle1q@sohu.com,159.173.68.228,sohu,com
64,Dur,Belliard,genderqueer,dbelliard1r@seattletimes.com,28.102.133.140,seattletimes,com
65,Benedicta,Fellowes,bigender,bfellowes1s@hao123.com,195.226.246.163,hao123,com
66,Pietro,MacDearmaid,genderqueer,pmacdearmaid1t@indiatimes.com,156.221.126.127,indiatimes,com
67,Zerk,Rowley,agender,zrowley1u@mozilla.org,240.223.137.91,mozilla,org
68,Shell,Facer,non-binary,sfacer1v@mapquest.com,109.1.125.147,mapquest,com
69,Goldarina,Doneld,male,gdoneld1w@tiny.cc,47.235.5.23,tiny,cc
70,Gustavo,Wallentin,bigender,gwallentin1x@jalbum.net,27.6.208.253,jalbum,net
71,Leif,Wooffinden,genderqueer,lwooffinden1y@fc2.com,116.217.209.96,fc2,com
72,Lorne,Chaulk,non-binary,lchaulk1z@psu.edu,50.185.12.141,psu,edu
73,Carlynn,Stelfox,agender,cstelfox20@sbwire.com,130.251.156.40,sbwire,com
74,Locke,Hainning,genderfluid,lhainning21@sitemeter.com,16.186.204.139,sitemeter,com
75,Gweneth,Stubbings,non-binary,gstubbings22@unesco.org,57.90.203.209,unesco,org
76,Talya,Caines,male,tcaines23@is.gd,10.187.212.124,is,gd
77,Dave,Linnitt,male,dlinnitt24@smugmug.com,52.181.193.154,smugmug,com
78,Dinnie,Rubinsztein,genderqueer,drubinsztein25@state.tx.us,20.172.230.157,state,tx
79,Angelina,Kubera,female,akubera26@addtoany.com,203.168.12.5,addtoany,com
80,Fredi,Spirritt,genderqueer,fspirritt27@tripod.com,116.209.64.138,tripod,com
81,Rheta,Struss,bigender,rstruss28@alibaba.com,198.197.202.35,alibaba,com
82,Marie,Lorentz,non-binary,mlorentz29@umich.edu,196.34.190.26,umich,edu
83,Avril,Wisniowski,genderfluid,awisniowski2a@youtu.be,225.220.254.179,youtu,be
84,Jimmie,Yakebovich,non-binary,jyakebovich2b@example.com,180.163.123.54,example,com
85,Lissy,Claricoates,genderqueer,lclaricoates2c@exblog.jp,146.6.4.243,exblog,jp
86,Zelma,Boss,polygender,zboss2d@blogspot.com,55.36.158.233,blogspot,com
87,Chase,Finey,bigender,cfiney2e@umn.edu,100.245.181.117,umn,edu
88,Hubert,Rogez,female,hrogez2f@cnbc.com,191.200.176.32,cnbc,com
89,Eldin,Deboy,male,edeboy2g@mit.edu,223.207.89.178,mit,edu
90,Ellie,Cliff,male,ecliff2h@chron.com,52.140.200.79,chron,com
91,Julie,Ploughwright,bigender,jploughwright2i@oaic.gov.au,56.160.253.112,oaic,gov
92,Dun,O'Caherny,bigender,docaherny2j@bloglines.com,129.130.171.245,bloglines,com
93,Ike,Abramchik,agender,iabramchik2k@yale.edu,141.143.30.147,yale,edu
94,Sofie,McComiskey,non-binary,smccomiskey2l@webmd.com,218.19.243.90,webmd,com
95,Hakeem,Jenner,agender,hjenner2m@bbb.org,101.115.94.88,bbb,org
96,Carolina,Doughartie,non-binary,cdoughartie2n@comsenz.com,183.251.235.59,comsenz,com
97,Ailbert,Collyer,bigender,acollyer2o@pcworld.com,236.141.194.145,pcworld,com
98,Vale,Kimmerling,agender,vkimmerling2p@macromedia.com,209.200.180.202,macromedia,com
99,Leila,Ebbing,male,lebbing2q@jigsy.com,131.130.158.62,jigsy,com
100,Stewart,Trahear,genderfluid,strahear2r@biglobe.ne.jp,76.239.101.7,biglobe,ne
101,Myer,McCrudden,female,mmccrudden2s@ed.gov,117.164.113.219,ed,gov
102,Felisha,Craister,female,fcraister2t@ifeng.com,116.156.20.69,ifeng,com
103,Hilary,Kulis,bigender,hkulis2u@github.com,208.186.122.220,github,com
104,Sada,Mullaney,polygender,smullaney2v@topsy.com,153.241.248.155,topsy,com
105,Linell,Brownstein,male,lbrownstein2w@wikispaces.com,102.227.76.125,wikispaces,com
106,Dacey,Winslett,polygender,dwinslett2x@xrea.com,24.254.95.170,xrea,com
107,Leupold,Jilkes,female,ljilkes2y@reference.com,204.193.8.162,reference,com
108,Darice,Beardshaw,agender,dbeardshaw2z@ihg.com,98.17.30.254,ihg,com
109,Rosa,Barttrum,bigender,rbarttrum30@ezinearticles.com,217.52.165.33,ezinearticles,com
110,Georgie,Billham,female,gbillham31@uiuc.edu,251.29.79.102,uiuc,edu
111,Ara,Jaslem,female,ajaslem32@google.com.au,146.45.16.234,google,com
112,Brandea,Mitskevich,genderqueer,bmitskevich33@domainmarket.com,104.251.71.91,domainmarket,com
113,Glendon,Khidr,genderfluid,gkhidr34@gizmodo.com,139.245.44.149,gizmodo,com
114,Mildrid,Lindenstrauss,genderqueer,mlindenstrauss35@nymag.com,193.4.59.44,nymag,com
115,Renee,Cocks,bigender,rcocks36@latimes.com,72.37.204.222,latimes,com
116,Rich,Kristoffersson,bigender,rkristoffersson37@vinaora.com,4.50.109.237,vinaora,com
117,Josiah,Praill,genderqueer,jpraill38@privacy.gov.au,198.131.37.73,privacy,gov
118,Cyrillus,Eastby,female,ceastby39@nytimes.com,12.138.125.111,nytimes,com
119,Mitchell,Pietersen,female,mpietersen3a@tumblr.com,172.226.152.216,tumblr,com
120,Jessa,Purkis,agender,jpurkis3b@linkedin.com,46.68.80.192,linkedin,com
121,Baillie,Ierland,bigender,bierland3c@pcworld.com,230.236.254.207,pcworld,com
122,Drud,Livermore,non-binary,dlivermore3d@wordpress.org,181.153.193.13,wordpress,org
123,Rose,Strang,genderqueer,rstrang3e@tinyurl.com,163.87.113.109,tinyurl,com
124,Ingrim,Danick,non-binary,idanick3f@va.gov,42.137.215.126,va,gov
125,Suzann,Callendar,genderfluid,scallendar3g@hhs.gov,137.147.23.191,hhs,gov
126,Powell,Spaldin,agender,pspaldin3h@weebly.com,240.92.69.129,weebly,com
127,Marven,Levick,bigender,mlevick3i@people.com.cn,2.124.143.198,people,com
128,Cherise,Pollock,agender,cpollock3j@storify.com,113.114.92.83,storify,com
129,Hubey,Skim,genderfluid,hskim3k@engadget.com,25.191.239.97,engadget,com
130,Daren,Wank,polygender,dwank3l@tiny.cc,86.112.125.4,tiny,cc
131,Armin,Ehrat,bigender,aehrat3m@mac.com,212.215.132.202,mac,com
132,Melany,Jorissen,non-binary,mjorissen3n@bloglines.com,194.81.141.143,bloglines,com
133,Nap,Sinfield,male,nsinfield3o@nydailynews.com,209.193.86.180,nydailynews,com
134,Calv,Greenway,female,cgreenway3p@nsw.gov.au,110.232.14.165,nsw,gov
135,Aubry,Nourse,bigender,anourse3q@adobe.com,206.55.46.104,adobe,com
136,Gilberte,Draayer,male,gdraayer3r@aboutads.info,135.23.31.248,aboutads,info
137,Romona,Weaben,male,rweaben3s@umn.edu,94.111.232.126,umn,edu
138,Freeman,Stango,bigender,fstango3t@washingtonpost.com,53.204.45.61,washingtonpost,com
139,Lion,Shirrell,genderqueer,lshirrell3u@thetimes.co.uk,167.39.16.157,thetimes,co
140,Piper,Eitter,genderfluid,peitter3v@state.tx.us,15.103.171.144,state,tx
141,Skipton,Witsey,polygender,switsey3w@e-recht24.de,73.89.228.206,e-recht24,de
142,Krispin,Gorelli,male,kgorelli3x@google.co.jp,229.59.208.145,google,co
143,Mattie,Wernher,female,mwernher3y@weebly.com,89.32.49.85,weebly,com
144,Georgianne,Caldeyroux,agender,gcaldeyroux3z@jiathis.com,192.250.180.150,jiathis,com
145,Sollie,Wassung,genderfluid,swassung40@woothemes.com,173.65.64.125,woothemes,com
146,Sallee,Hudspith,genderqueer,shudspith41@va.gov,247.217.14.173,va,gov
147,Roslyn,Sopp,male,rsopp42@last.fm,194.166.235.79,last,fm
148,Blinny,Mitchelhill,male,bmitchelhill43@ftc.gov,242.169.22.186,ftc,gov
149,Essy,Sturney,male,esturney44@comsenz.com,108.83.114.213,comsenz,com
150,Joyous,La Vigne,polygender,jlavigne45@weather.com,151.85.99.202,weather,com
151,Adolpho,Dorro,female,adorro46@usda.gov,84.121.118.178,usda,gov
152,Berke,Wadmore,male,bwadmore47@blogspot.com,195.193.157.134,blogspot,com
153,Flemming,Ailsbury,non-binary,failsbury48@blogtalkradio.com,20.60.231.95,blogtalkradio,com
154,Shaw,Bing,genderfluid,sbing49@people.com.cn,17.194.41.188,people,com
155,Franky,Caspell,polygender,fcaspell4a@rediff.com,165.204.66.203,rediff,com
156,Danya,Malcher,genderfluid,dmalcher4b@statcounter.com,0.160.39.186,statcounter,com
157,Vail,Cossington,genderfluid,vcossington4c@photobucket.com,60.91.230.165,photobucket,com
158,Byram,Zavattero,bigender,bzavattero4d@geocities.com,72.164.138.139,geocities,com
159,Neil,Addlestone,bigender,naddlestone4e@hexun.com,55.80.184.121,hexun,com
160,Karl,McArthur,genderfluid,kmcarthur4f@google.cn,66.216.201.182,google,cn
161,Ermina,Ledgister,male,eledgister4g@homestead.com,107.237.145.113,homestead,com
162,Padriac,McGlaughn,non-binary,pmcglaughn4h@xing.com,182.67.52.6,xing,com
163,Domenic,Scriver,bigender,dscriver4i@chicagotribune.com,178.174.75.33,chicagotribune,com
164,Wells,Barnes,agender,wbarnes4j@yahoo.co.jp,119.125.116.224,yahoo,co
165,Bill,Mulqueen,genderfluid,bmulqueen4k@squarespace.com,165.247.114.68,squarespace,com
166,Leoine,Baccus,bigender,lbaccus4l@ask.com,85.230.5.231,ask,com
167,Sophronia,Maris,genderfluid,smaris4m@paypal.com,159.181.115.18,paypal,com
168,Byrom,Maiklem,polygender,bmaiklem4n@usda.gov,248.76.32.42,usda,gov
169,Eleonora,Highwood,agender,ehighwood4o@cpanel.net,156.81.72.91,cpanel,net
170,Franz,Halshaw,female,fhalshaw4p@delicious.com,196.21.7.77,delicious,com
171,Phyllida,Hark,male,phark4q@google.com,56.90.37.70,google,com
172,Shurwood,Staite,female,sstaite4r@ezinearticles.com,80.166.30.65,ezinearticles,com
173,Dilly,Garioch,agender,dgarioch4s@skyrock.com,176.115.4.68,skyrock,com
174,Dudley,Lempel,non-binary,dlempel4t@wufoo.com,206.56.202.122,wufoo,com
175,Bruce,Digance,bigender,bdigance4u@blogs.com,96.81.141.250,blogs,com
176,Karrah,Mayhou,polygender,kmayhou4v@cpanel.net,87.39.244.164,cpanel,net
177,Vale,Erni,agender,verni4w@foxnews.com,134.79.17.240,foxnews,com
178,Basile,St. Ledger,non-binary,bstledger4x@home.pl,164.2.173.45,home,pl
179,Allison,Menego,polygender,amenego4y@npr.org,248.181.6.238,npr,org
180,Vera,Durden,genderfluid,vdurden4z@mashable.com,101.14.127.69,mashable,com
181,Carlo,Coffey,male,ccoffey50@hhs.gov,83.76.160.192,hhs,gov
182,Erroll,Verdey,genderqueer,everdey51@drupal.org,148.186.7.248,drupal,org
183,Rosene,Lonie,male,rlonie52@homestead.com,7.74.108.249,homestead,com
184,Tillie,Fairnington,polygender,tfairnington53@t-online.de,158.83.201.138,t-online,de
185,Valdemar,Breadmore,agender,vbreadmore54@blog.com,21.16.239.137,blog,com
186,Carry,Goodinson,genderfluid,cgoodinson55@eepurl.com,87.69.104.9,eepurl,com
187,Vivianne,Copperwaite,polygender,vcopperwaite56@disqus.com,44.181.165.207,disqus,com
188,Tailor,Craddock,polygender,tcraddock57@oakley.com,227.198.183.98,oakley,com
189,Katheryn,Menear,male,kmenear58@drupal.org,245.57.74.221,drupal,org
190,Mikael,Antusch,genderqueer,mantusch59@trellian.com,136.219.218.34,trellian,com
191,Toby,Pyett,female,tpyett5a@miibeian.gov.cn,230.202.255.42,miibeian,gov
192,Jessika,Howsley,genderqueer,jhowsley5b@indiatimes.com,2.245.75.225,indiatimes,com
193,Agneta,Summersby,bigender,asummersby5c@boston.com,143.111.93.84,boston,com
194,Flemming,McArte,female,fmcarte5d@seesaa.net,157.72.6.226,seesaa,net
195,Curcio,Dahmke,genderfluid,cdahmke5e@over-blog.com,58.96.178.106,over-blog,com
196,Kathye,Todarini,polygender,ktodarini5f@virginia.edu,85.61.210.136,virginia,edu
197,Cristobal,Corteis,male,ccorteis5g@sakura.ne.jp,103.169.151.221,sakura,ne
198,Willette,Cowhig,female,wcowhig5h@nba.com,129.193.83.150,nba,com
199,Josephine,Firle,genderqueer,jfirle5i@goo.ne.jp,198.243.125.98,goo,ne
200,Vikky,Burling,genderqueer,vburling5j@vkontakte.ru,173.158.254.7,vkontakte,ru
201,Georgine,Baiyle,agender,gbaiyle5k@lulu.com,121.82.5.121,lulu,com
202,Cary,McDuff,polygender,cmcduff5l@nasa.gov,13.114.88.15,nasa,gov
203,Vinny,Kennedy,female,vkennedy5m@amazon.com,238.47.91.49,amazon,com
204,Cam,Bengefield,male,cbengefield5n@shutterfly.com,14.100.140.211,shutterfly,com
205,Rhoda,Sweatland,female,rsweatland5o@dot.gov,77.178.57.159,dot,gov
206,Giffard,Geke,bigender,ggeke5p@ask.com,148.21.63.219,ask,com
207,Massimiliano,Hearnah,bigender,mhearnah5q@google.ru,91.49.148.204,google,ru
208,Perren,Donohoe,polygender,pdonohoe5r@topsy.com,5.7.250.48,topsy,com
209,Glen,Gniewosz,polygender,ggniewosz5s@si.edu,6.210.92.228,si,edu
210,Lyn,Date,male,ldate5t@wikipedia.org,168.114.253.113,wikipedia,org
211,Teena,Bullivent,genderqueer,tbullivent5u@wufoo.com,173.98.20.91,wufoo,com
212,Domenico,Snary,genderfluid,dsnary5v@shinystat.com,105.40.130.119,shinystat,com
213,Marilyn,Kleeman,female,mkleeman5w@unicef.org,194.50.54.16,unicef,org
214,Genvieve,Bourchier,genderqueer,gbourchier5x@nhs.uk,219.239.194.201,nhs,uk
215,Patrizio,Roberto,non-binary,proberto5y@addtoany.com,202.19.114.74,addtoany,com
216,Hailey,Lanaway,bigender,hlanaway5z@xinhuanet.com,65.79.95.58,xinhuanet,com
217,Chalmers,Manilow,polygender,cmanilow60@imdb.com,89.143.80.25,imdb,com
218,Grannie,Jahnel,non-binary,gjahnel61@un.org,82.41.117.48,un,org
219,Zacherie,Borge,male,zborge62@google.co.uk,137.140.163.26,google,co
220,Aubrie,Brisse,polygender,abrisse63@vinaora.com,91.121.74.137,vinaora,com
221,Evita,Sowten,non-binary,esowten64@yellowbook.com,33.170.227.175,yellowbook,com
222,Becka,McGeraghty,genderqueer,bmcgeraghty65@geocities.jp,201.155.43.236,geocities,jp
223,Ronnie,Cawsy,genderqueer,rcawsy66@tamu.edu,187.89.135.123,tamu,edu
224,Nelly,Proger,polygender,nproger67@phpbb.com,237.250.9.35,phpbb,com
225,Moselle,Daintry,non-binary,mdaintry68@yahoo.com,11.188.24.232,yahoo,com
226,Kirstin,Lukins,agender,klukins69@wp.com,196.235.144.71,wp,com
227,Sybil,Wolledge,male,swolledge6a@omniture.com,195.20.200.239,omniture,com
228,Elonore,Pietesch,male,epietesch6b@xrea.com,231.159.193.62,xrea,com
229,Meir,Billanie,bigender,mbillanie6c@mlb.com,27.104.50.65,mlb,com
230,Pepito,Yitzhakof,bigender,pyitzhakof6d@jigsy.com,229.206.66.42,jigsy,com
231,Candide,Salazar,genderqueer,csalazar6e@usa.gov,59.245.134.191,usa,gov
232,Tremaine,Goldhawk,non-binary,tgoldhawk6f@icio.us,29.124.160.77,icio,us
233,Jaymee,McVicker,genderqueer,jmcvicker6g@marriott.com,103.87.180.80,marriott,com
234,Melonie,Kuhne,female,mkuhne6h@opensource.org,45.85.184.170,opensource,org
235,Cecilius,Greenard,non-binary,cgreenard6i@twitpic.com,193.47.165.165,twitpic,com
236,Gregoor,Potier,bigender,gpotier6j@usda.gov,243.126.245.114,usda,gov
237,Charley,Bridson,genderqueer,cbridson6k@psu.edu,2.71.117.28,psu,edu
238,Andrey,Le Moucheux,female,alemoucheux6l@reddit.com,99.58.171.122,reddit,com
239,Myca,Esterbrook,agender,mesterbrook6m@fema.gov,217.118.225.234,fema,gov
240,Zeke,Hindmore,agender,zhindmore6n@wufoo.com,0.31.65.194,wufoo,com
241,Annadiana,Starzaker,polygender,astarzaker6o@csmonitor.com,26.124.136.50,csmonitor,com
242,Dorry,Pitcaithly,non-binary,dpitcaithly6p@businessweek.com,93.222.118.116,businessweek,com
243,Gray,Otridge,female,gotridge6q@walmart.com,40.243.182.170,walmart,com
244,Jazmin,McDonnell,male,jmcdonnell6r@indiatimes.com,101.32.122.200,indiatimes,com
245,Deanne,Tortis,agender,dtortis6s@xrea.com,77.248.80.14,xrea,com
246,Worth,Lordon,female,wlordon6t@nature.com,101.239.47.123,nature,com
247,Latrena,Kitteridge,polygender,lkitteridge6u@illinois.edu,238.166.211.104,illinois,edu
248,Morganne,Smurfit,bigender,msmurfit6v@samsung.com,222.57.211.145,samsung,com
249,Mordy,Dullingham,agender,mdullingham6w@mlb.com,215.78.167.146,mlb,com
250,Daisie,Allardyce,bigender,dallardyce6x@youtu.be,190.178.161.47,youtu,be
251,Sissy,Eshelby,polygender,seshelby6y@wiley.com,207.47.142.179,wiley,com
252,Bryana,Escott,agender,bescott6z@blogtalkradio.com,71.254.110.239,blogtalkradio,com
253,Madelyn,Pinar,genderqueer,mpinar70@opera.com,209.231.69.194,opera,com
254,Dinny,Joinson,genderqueer,djoinson71@mac.com,220.153.23.50,mac,com
255,Eleanor,Neill,female,eneill72@booking.com,243.197.192.10,booking,com
256,Patrick,Neissen,female,pneissen73@so-net.ne.jp,92.184.72.233,so-net,ne
257,Gale,Jerratsch,male,gjerratsch74@bigcartel.com,77.83.226.167,bigcartel,com
258,Laurel,Colthurst,genderfluid,lcolthurst75@howstuffworks.com,16.88.248.118,howstuffworks,com
259,Jackie,Avey,genderfluid,javey76@wikimedia.org,126.158.155.14,wikimedia,org
260,See,Banasik,genderfluid,sbanasik77@odnoklassniki.ru,71.119.73.230,odnoklassniki,ru
261,Juditha,Seagrave,genderqueer,jseagrave78@noaa.gov,169.225.243.27,noaa,gov
262,Kevan,Denerley,female,kdenerley79@flavors.me,43.239.121.145,flavors,me
263,Abbye,Prover,bigender,aprover7a@gravatar.com,174.56.201.229,gravatar,com
264,Kayla,MacEveley,polygender,kmaceveley7b@myspace.com,170.217.248.234,myspace,com
265,Clerkclaude,Arnaudet,female,carnaudet7c@yahoo.co.jp,95.179.111.235,yahoo,co
266,Cyndi,Perassi,agender,cperassi7d@yelp.com,152.147.247.227,yelp,com
267,Aleta,Stormont,female,astormont7e@myspace.com,171.1.177.172,myspace,com
268,Johnathan,Juschka,female,jjuschka7f@deviantart.com,211.26.144.81,deviantart,com
269,Alanna,Klemz,polygender,aklemz7g@rambler.ru,232.106.167.62,rambler,ru
270,Gerrie,Mournian,polygender,gmournian7h@elegantthemes.com,39.227.2.175,elegantthemes,com
271,Cayla,Raspin,female,craspin7i@fastcompany.com,178.188.105.135,fastcompany,com
272,Vale,Ayscough,female,vayscough7j@devhub.com,14.117.185.36,devhub,com
273,Danika,Hamblington,genderqueer,dhamblington7k@wix.com,183.115.174.251,wix,com
274,Gil,Stainburn,male,gstainburn7l@github.io,173.120.33.77,github,io
275,Delores,M'Chirrie,polygender,dmchirrie7m@youku.com,242.70.231.111,youku,com
276,Willi,Doers,bigender,wdoers7n@bluehost.com,96.20.84.191,bluehost,com
277,Dalia,Reide,polygender,dreide7o@reuters.com,62.96.198.21,reuters,com
278,Nady,Truluck,genderfluid,ntruluck7p@psu.edu,91.68.228.191,psu,edu
279,Kaylyn,Sprigings,bigender,ksprigings7q@meetup.com,67.96.17.21,meetup,com
280,Elliott,Jaqueme,bigender,ejaqueme7r@hp.com,150.244.200.179,hp,com
281,Kaitlin,Chaloner,genderfluid,kchaloner7s@twitpic.com,79.130.165.243,twitpic,com
282,Bil,Dettmar,agender,bdettmar7t@meetup.com,74.125.69.70,meetup,com
283,Wiatt,Avesque,genderqueer,wavesque7u@unesco.org,188.116.251.33,unesco,org
284,Chery,Keyes,female,ckeyes7v@uiuc.edu,201.9.125.138,uiuc,edu
285,Nichole,Blagbrough,polygender,nblagbrough7w@ucsd.edu,229.172.135.98,ucsd,edu
286,Quentin,Lynn,female,qlynn7x@wp.com,6.238.117.55,wp,com
287,Vernen,Galle,genderfluid,vgalle7y@nationalgeographic.com,180.117.190.243,nationalgeographic,com
288,Ernst,Baldick,genderqueer,ebaldick7z@51.la,168.141.59.91,51,la
289,Rheta,Carvilla,male,rcarvilla80@constantcontact.com,126.130.16.132,constantcontact,com
290,Aguie,Jacobowicz,bigender,ajacobowicz81@blogspot.com,64.183.48.133,blogspot,com
291,Felice,Culley,genderfluid,fculley82@ed.gov,19.146.229.249,ed,gov
292,Reginald,Ferraretto,genderfluid,rferraretto83@yolasite.com,140.11.120.114,yolasite,com
293,Christian,Beadell,male,cbeadell84@bloomberg.com,149.80.146.118,bloomberg,com
294,Melody,Mowne,bigender,mmowne85@hud.gov,155.42.145.104,hud,gov
295,Clarence,Garrettson,bigender,cgarrettson86@godaddy.com,139.14.124.228,godaddy,com
296,Rey,Rossander,agender,rrossander87@nbcnews.com,218.105.221.253,nbcnews,com
297,Hadria,Ivanyutin,agender,hivanyutin88@kickstarter.com,149.132.172.43,kickstarter,com
298,Caralie,Amott,male,camott89@weebly.com,35.212.148.104,weebly,com
299,Winfield,Wybrow,genderqueer,wwybrow8a@indiatimes.com,184.144.164.136,indiatimes,com
300,Ryley,Maccaig,non-binary,rmaccaig8b@boston.com,16.114.233.209,boston,com
301,Amalle,Styles,male,astyles8c@tinypic.com,163.194.14.238,tinypic,com
302,Estell,Lakenden,agender,elakenden8d@apache.org,151.29.33.228,apache,org
303,Brett,Biffin,genderqueer,bbiffin8e@miibeian.gov.cn,228.21.90.102,miibeian,gov
304,Suzy,Brownlee,genderfluid,sbrownlee8f@xrea.com,153.11.41.70,xrea,com
305,Lynnet,Browett,bigender,lbrowett8g@sun.com,219.112.159.8,sun,com
306,Frederico,Oxborrow,non-binary,foxborrow8h@biblegateway.com,136.106.149.125,biblegateway,com
307,Urbano,Wakefield,male,uwakefield8i@google.com.au,91.104.131.18,google,com
308,Vivyanne,Pancoust,genderfluid,vpancoust8j@cocolog-nifty.com,252.151.120.100,cocolog-nifty,com
309,Meggie,Seckington,female,mseckington8k@fc2.com,164.165.54.107,fc2,com
310,Cloe,Stranieri,female,cstranieri8l@shop-pro.jp,142.156.186.89,shop-pro,jp
311,Florance,Haken,genderfluid,fhaken8m@goodreads.com,70.224.56.204,goodreads,com
312,Orelee,Lippatt,agender,olippatt8n@comcast.net,187.55.18.19,comcast,net
313,Madelena,Musk,female,mmusk8o@hugedomains.com,31.29.205.96,hugedomains,com
314,Amy,Gommowe,male,agommowe8p@telegraph.co.uk,6.85.81.101,telegraph,co
315,Bessie,Brodnecke,genderfluid,bbrodnecke8q@google.pl,226.199.251.248,google,pl
316,Gerianne,Swinney,genderqueer,gswinney8r@dot.gov,107.151.181.251,dot,gov
317,Bel,Francescone,genderfluid,bfrancescone8s@goo.ne.jp,158.174.54.236,goo,ne
318,Melantha,Druhan,agender,mdruhan8t@myspace.com,46.35.23.246,myspace,com
319,Godart,Casa,genderfluid,gcasa8u@jimdo.com,142.108.81.234,jimdo,com
320,Linn,Abbati,non-binary,labbati8v@pbs.org,173.244.75.136,pbs,org
321,Erie,Harnwell,bigender,eharnwell8w@nymag.com,72.30.70.19,nymag,com
322,Belva,Finlan,non-binary,bfinlan8x@blinklist.com,72.149.143.16,blinklist,com
323,Deborah,Baudouin,female,dbaudouin8y@free.fr,14.103.127.206,free,fr
324,Rafaello,Ast,non-binary,rast8z@gmpg.org,13.87.135.49,gmpg,org
325,Myrna,Mulqueeny,male,mmulqueeny90@nationalgeographic.com,121.147.65.154,nationalgeographic,com
326,Galvan,Truscott,female,gtruscott91@jalbum.net,243.1.179.231,jalbum,net
327,Vassili,Bohler,bigender,vbohler92@sbwire.com,230.202.85.34,sbwire,com
328,Hally,Annes,polygender,hannes93@tinyurl.com,40.239.97.44,tinyurl,com
329,Saundra,Mordon,female,smordon94@patch.com,175.144.123.4,patch,com
330,Harri,Leys,genderqueer,hleys95@paypal.com,143.40.209.67,paypal,com
331,Hayes,Symcox,genderqueer,hsymcox96@xrea.com,72.5.27.205,xrea,com
332,Raviv,Signoret,male,rsignoret97@salon.com,176.12.143.70,salon,com
333,Carney,Jobbins,non-binary,cjobbins98@gizmodo.com,220.212.246.141,gizmodo,com
334,Uriel,Lammenga,female,ulammenga99@trellian.com,113.189.138.80,trellian,com
335,Lucais,de Merida,bigender,ldemerida9a@dot.gov,144.168.76.5,dot,gov
336,Uriel,Reiling,agender,ureiling9b@fc2.com,133.77.16.131,fc2,com
337,Toddy,Vondrak,non-binary,tvondrak9c@xrea.com,55.197.41.67,xrea,com
338,Guglielmo,Skyme,genderqueer,gskyme9d@friendfeed.com,79.240.98.77,friendfeed,com
339,Westley,Weatherhead,male,wweatherhead9e@networksolutions.com,139.100.171.198,networksolutions,com
340,Madalena,Bostock,female,mbostock9f@issuu.com,33.163.127.13,issuu,com
341,Sloan,Grayer,genderqueer,sgrayer9g@weibo.com,6.247.236.51,weibo,com
342,Michaela,Beckhouse,genderfluid,mbeckhouse9h@slashdot.org,185.183.46.222,slashdot,org
343,Clarey,Rudsdell,agender,crudsdell9i@ebay.com,10.159.15.72,ebay,com
344,Gabbie,Stanbury,genderqueer,gstanbury9j@businesswire.com,124.252.199.235,businesswire,com
345,Hedvig,McGuinness,genderqueer,hmcguinness9k@webeden.co.uk,176.115.103.68,webeden,co
346,Patten,Hartman,genderfluid,phartman9l@ucsd.edu,13.144.48.56,ucsd,edu
347,Mackenzie,Helin,genderfluid,mhelin9m@netvibes.com,226.155.159.2,netvibes,com
348,Rosanne,Haulkham,non-binary,rhaulkham9n@angelfire.com,185.168.194.243,angelfire,com
349,Dell,Kelland,non-binary,dkelland9o@gnu.org,113.37.123.213,gnu,org
350,Davita,Androletti,genderqueer,dandroletti9p@google.nl,106.93.9.76,google,nl
351,Kristen,Bonnavant,polygender,kbonnavant9q@liveinternet.ru,76.177.182.101,liveinternet,ru
352,Davey,Skippon,polygender,dskippon9r@blogs.com,176.67.28.8,blogs,com
353,Alexina,Schoffel,male,aschoffel9s@bloglovin.com,221.117.47.51,bloglovin,com
354,Meyer,Matessian,polygender,mmatessian9t@bizjournals.com,204.9.234.87,bizjournals,com
355,Aili,Carding,genderqueer,acarding9u@si.edu,87.180.227.162,si,edu
356,Wolfgang,Philipps,bigender,wphilipps9v@bandcamp.com,147.208.68.78,bandcamp,com
357,Moreen,Vousden,non-binary,mvousden9w@washingtonpost.com,13.92.254.78,washingtonpost,com
358,Morganica,McGenn,bigender,mmcgenn9x@1688.com,101.217.250.86,1688,com
359,Karee,Eagleton,genderqueer,keagleton9y@edublogs.org,200.190.169.249,edublogs,org
360,Felicia,Tutin,non-binary,ftutin9z@dyndns.org,203.51.61.85,dyndns,org
361,Maggi,Ewell,polygender,mewella0@ucsd.edu,184.192.27.169,ucsd,edu
362,Inez,Ringe,genderqueer,iringea1@goo.ne.jp,203.198.161.182,goo,ne
363,Hilda,Sirette,genderqueer,hsirettea2@tripod.com,155.236.113.200,tripod,com
364,Federico,Bandey,non-binary,fbandeya3@comsenz.com,173.40.62.75,comsenz,com
365,Luisa,Bartolozzi,genderfluid,lbartolozzia4@mail.ru,84.127.211.236,mail,ru
366,Enoch,Estrella,bigender,eestrellaa5@yahoo.co.jp,25.75.143.249,yahoo,co
367,Woody,Abrahams,agender,wabrahamsa6@chicagotribune.com,180.102.176.136,chicagotribune,com
368,Eleonore,Quimby,bigender,equimbya7@sakura.ne.jp,1.154.104.53,sakura,ne
369,Jule,Geffcock,male,jgeffcocka8@vinaora.com,92.66.211.4,vinaora,com
370,Fina,Coard,non-binary,fcoarda9@nsw.gov.au,245.9.58.245,nsw,gov
371,Vance,Keat,genderfluid,vkeataa@hao123.com,5.201.26.156,hao123,com
372,Temp,Bosnell,genderfluid,tbosnellab@typepad.com,240.112.136.104,typepad,com
373,Anjanette,Whitehurst,genderqueer,awhitehurstac@phoca.cz,66.35.152.238,phoca,cz
374,Louella,Cotterel,genderfluid,lcotterelad@a8.net,129.2.55.149,a8,net
375,Nicolina,Hanham,male,nhanhamae@sciencedaily.com,49.233.124.54,sciencedaily,com
376,Gottfried,Krugmann,agender,gkrugmannaf@nsw.gov.au,178.157.123.231,nsw,gov
377,Baily,Fison,female,bfisonag@geocities.com,169.15.19.50,geocities,com
378,Gabie,Grigor,female,ggrigorah@vistaprint.com,159.5.165.227,vistaprint,com
379,Hartwell,Measen,genderfluid,hmeasenai@china.com.cn,152.129.61.147,china,com
380,Rebeka,Dibley,agender,rdibleyaj@youku.com,8.148.215.172,youku,com
381,Waldo,Milbank,male,wmilbankak@google.cn,81.36.181.193,google,cn
382,Marcella,Lamball,male,mlamballal@google.com.hk,179.11.206.229,google,com
383,Arleta,Mulmuray,agender,amulmurayam@linkedin.com,131.98.233.107,linkedin,com
384,Danyelle,Jozaitis,genderqueer,djozaitisan@discovery.com,222.50.119.199,discovery,com
385,Ysabel,Parkman,genderfluid,yparkmanao@ow.ly,176.176.38.50,ow,ly
386,Lauritz,Voaden,non-binary,lvoadenap@si.edu,188.105.136.59,si,edu
387,Sawyere,Sidaway,bigender,ssidawayaq@pen.io,86.196.39.135,pen,io
388,Roland,Martynikhin,polygender,rmartynikhinar@rediff.com,122.84.61.153,rediff,com
389,Isabella,Lehrmann,agender,ilehrmannas@skype.com,242.243.192.229,skype,com
390,Chrysa,Dobie,male,cdobieat@psu.edu,119.208.213.242,psu,edu
391,Cart,Hauxby,genderfluid,chauxbyau@4shared.com,151.112.165.90,4shared,com
392,Ambrosio,Fitchen,genderfluid,afitchenav@nytimes.com,128.166.183.174,nytimes,com
393,Tracie,Verne,genderfluid,tverneaw@opera.com,98.69.187.44,opera,com
394,Bobina,Jankovsky,female,bjankovskyax@msu.edu,193.169.218.156,msu,edu
395,Rubi,Golda,bigender,rgoldaay@1und1.de,138.44.187.82,1und1,de
396,Gusti,Cunio,male,gcunioaz@twitter.com,157.113.136.27,twitter,com
397,Inger,Gianullo,genderfluid,igianullob0@fema.gov,26.94.124.47,fema,gov
398,Tomasina,Feedham,polygender,tfeedhamb1@ebay.com,93.155.193.161,ebay,com
399,Henriette,Petican,bigender,hpeticanb2@theguardian.com,45.199.86.21,theguardian,com
400,Tamas,Lune,genderfluid,tluneb3@alibaba.com,81.112.134.217,alibaba,com
401,Maria,Learmonth,agender,mlearmonthb4@shinystat.com,251.189.203.142,shinystat,com
402,Arda,Gimber,genderqueer,agimberb5@parallels.com,227.1.26.47,parallels,com
403,Margarette,Winter,bigender,mwinterb6@booking.com,124.87.86.27,booking,com
404,Lise,Burlingham,bigender,lburlinghamb7@free.fr,47.69.172.155,free,fr
405,Aurelie,Geraldez,female,ageraldezb8@deviantart.com,55.122.155.190,deviantart,com
406,Darrell,Baffin,agender,dbaffinb9@xinhuanet.com,226.48.105.246,xinhuanet,com
407,Catlin,Shilstone,female,cshilstoneba@github.com,143.46.47.254,github,com
408,Teddy,Curedale,genderqueer,tcuredalebb@instagram.com,9.60.193.60,instagram,com
409,Herculie,Hiscocks,polygender,hhiscocksbc@alibaba.com,100.71.129.253,alibaba,com
410,Avery,Broscombe,genderfluid,abroscombebd@sfgate.com,252.126.15.44,sfgate,com
411,Burlie,Keble,female,bkeblebe@abc.net.au,30.242.138.25,abc,net
412,Pauly,McDonogh,agender,pmcdonoghbf@ning.com,106.155.217.158,ning,com
413,Hilliard,Carman,genderqueer,hcarmanbg@eepurl.com,244.21.159.116,eepurl,com
414,Bat,Roden,female,brodenbh@devhub.com,2.147.190.246,devhub,com
415,Melany,McCloid,male,mmccloidbi@miitbeian.gov.cn,13.237.225.185,miitbeian,gov
416,Barbee,Gibbon,genderfluid,bgibbonbj@oaic.gov.au,133.234.233.86,oaic,gov
417,Bibi,Lamburn,male,blamburnbk@skype.com,192.89.225.15,skype,com
418,Mindy,Boshell,bigender,mboshellbl@berkeley.edu,206.184.142.189,berkeley,edu
419,Ebonee,Abrahamsen,agender,eabrahamsenbm@paypal.com,91.12.84.168,paypal,com
420,Darsie,Else,genderqueer,delsebn@uiuc.edu,83.213.105.90,uiuc,edu
421,Delores,Towsie,non-binary,dtowsiebo@howstuffworks.com,131.90.119.90,howstuffworks,com
422,Blondelle,Gritton,agender,bgrittonbp@furl.net,46.216.173.169,furl,net
423,Vannie,Alan,genderfluid,valanbq@chronoengine.com,62.124.7.124,chronoengine,com
424,Opaline,Greenhall,polygender,ogreenhallbr@smh.com.au,115.16.123.87,smh,com
425,Tris,Samme,polygender,tsammebs@weebly.com,80.49.63.119,weebly,com
426,Lilah,Ricker,agender,lrickerbt@time.com,44.113.186.91,time,com
427,Ad,Cumber,agender,acumberbu@utexas.edu,254.164.242.220,utexas,edu
428,Briant,Hartropp,bigender,bhartroppbv@wix.com,182.220.234.254,wix,com
429,Trude,Walicki,male,twalickibw@gravatar.com,192.251.7.62,gravatar,com
430,Chantalle,Pritchitt,polygender,cpritchittbx@google.com,226.24.199.72,google,com
431,Duke,Bolin,genderqueer,dbolinby@nifty.com,228.231.51.90,nifty,com
432,Ludovico,Anglin,female,langlinbz@privacy.gov.au,246.146.32.244,privacy,gov
433,Paloma,Jubb,bigender,pjubbc0@soup.io,93.188.62.248,soup,io
434,Luciano,McKerron,agender,lmckerronc1@wikimedia.org,151.204.122.144,wikimedia,org
435,Clara,Tremaine,non-binary,ctremainec2@sakura.ne.jp,118.117.144.123,sakura,ne
436,Humberto,Dunkinson,male,hdunkinsonc3@joomla.org,181.206.91.3,joomla,org
437,Susy,Pinor,polygender,spinorc4@myspace.com,165.149.128.7,myspace,com
438,Towny,Pelerin,genderfluid,tpelerinc5@odnoklassniki.ru,172.189.97.100,odnoklassniki,ru
439,Tate,Treneer,genderqueer,ttreneerc6@si.edu,132.124.227.90,si,edu
440,Dominick,Davydzenko,agender,ddavydzenkoc7@virginia.edu,204.68.92.154,virginia,edu
441,Bank,Thornebarrow,agender,bthornebarrowc8@constantcontact.com,114.155.39.159,constantcontact,com
442,Pen,Blazic,male,pblazicc9@china.com.cn,83.103.122.110,china,com
443,Cameron,Beardow,female,cbeardowca@bloglovin.com,154.167.172.177,bloglovin,com
444,Riane,Greville,agender,rgrevillecb@dropbox.com,105.204.145.164,dropbox,com
445,Drucie,Kohnert,genderfluid,dkohnertcc@virginia.edu,51.136.183.184,virginia,edu
446,Bram,Moncrefe,female,bmoncrefecd@reverbnation.com,242.192.35.218,reverbnation,com
447,Eve,Lukas,female,elukasce@friendfeed.com,223.115.156.152,friendfeed,com
448,Dehlia,Spinella,male,dspinellacf@newsvine.com,195.12.110.111,newsvine,com
449,Abagael,Hurler,genderqueer,ahurlercg@tiny.cc,41.194.203.182,tiny,cc
450,Dodie,Charrington,polygender,dcharringtonch@wikipedia.org,141.86.61.168,wikipedia,org
451,Lanny,Norsworthy,bigender,lnorsworthyci@geocities.com,47.156.198.234,geocities,com
452,Kippy,Gerrish,male,kgerrishcj@goo.gl,178.121.34.22,goo,gl
453,Irvine,Crumly,bigender,icrumlyck@census.gov,235.39.10.192,census,gov
454,Gregorio,Polland,non-binary,gpollandcl@naver.com,239.9.57.186,naver,com
455,Ludvig,Bedbury,male,lbedburycm@google.it,16.201.174.115,google,it
456,Mehetabel,Wilding,male,mwildingcn@sfgate.com,133.179.52.75,sfgate,com
457,Heinrik,McCudden,polygender,hmccuddenco@google.it,40.252.217.203,google,it
458,Rosabel,Kerford,bigender,rkerfordcp@gizmodo.com,117.167.113.176,gizmodo,com
459,Crawford,Kingsman,agender,ckingsmancq@1und1.de,247.131.37.202,1und1,de
460,Vasily,Kasparski,polygender,vkasparskicr@elegantthemes.com,193.182.4.178,elegantthemes,com
461,Maighdiln,Skryne,agender,mskrynecs@wikipedia.org,47.61.7.199,wikipedia,org
462,Clarey,Jandel,male,cjandelct@pinterest.com,230.174.126.154,pinterest,com
463,Berta,Swinbourne,agender,bswinbournecu@aboutads.info,231.15.42.46,aboutads,info
464,Shaun,Ecclestone,genderqueer,secclestonecv@jiathis.com,59.138.74.149,jiathis,com
465,Libbi,Spurling,male,lspurlingcw@163.com,67.117.206.202,163,com
466,Luther,Pendlebury,female,lpendleburycx@geocities.jp,120.79.100.51,geocities,jp
467,Rouvin,Goodlake,male,rgoodlakecy@google.pl,24.173.255.48,google,pl
468,Marna,Alvares,genderqueer,malvarescz@cisco.com,215.222.116.196,cisco,com
469,Isabella,Ravenscroftt,polygender,iravenscrofttd0@amazonaws.com,237.124.110.57,amazonaws,com
470,Drucie,Feavers,genderfluid,dfeaversd1@disqus.com,245.187.111.241,disqus,com
471,Katleen,Zoanetti,polygender,kzoanettid2@nbcnews.com,189.85.90.186,nbcnews,com
472,Palm,Quinnell,agender,pquinnelld3@mapy.cz,195.35.156.223,mapy,cz
473,Chevalier,Mitchell,genderqueer,cmitchelld4@archive.org,225.113.100.23,archive,org
474,Almire,O'Rourke,polygender,aorourked5@bloglines.com,67.248.217.51,bloglines,com
475,Jareb,Bonallack,genderfluid,jbonallackd6@arizona.edu,35.163.75.211,arizona,edu
476,Sawyer,Gregoraci,polygender,sgregoracid7@unc.edu,53.162.40.53,unc,edu
477,Mirabel,McIlvaney,genderqueer,mmcilvaneyd8@unc.edu,236.26.175.45,unc,edu
478,Melessa,Flannigan,female,mflannigand9@taobao.com,155.133.129.199,taobao,com
479,Austen,Shelley,genderqueer,ashelleyda@mapquest.com,125.43.186.8,mapquest,com
480,Dannel,Tomasian,genderfluid,dtomasiandb@wired.com,45.202.172.113,wired,com
481,Cindi,Sands-Allan,genderqueer,csandsallandc@google.com.br,24.44.89.47,google,com
482,Elga,Dodshun,non-binary,edodshundd@alibaba.com,204.135.25.230,alibaba,com
483,Domenic,Hedan,genderfluid,dhedande@google.cn,222.246.51.220,google,cn
484,Yancy,Loudon,polygender,yloudondf@cbslocal.com,214.255.205.52,cbslocal,com
485,Sandi,Hartlebury,female,shartleburydg@xing.com,118.229.127.170,xing,com
486,Tremayne,Sumsion,non-binary,tsumsiondh@freewebs.com,79.45.132.193,freewebs,com
487,Merna,Wheeler,genderqueer,mwheelerdi@fotki.com,250.140.192.191,fotki,com
488,Trev,Pendleton,genderqueer,tpendletondj@weather.com,157.7.152.200,weather,com
489,Kyrstin,Ruf,bigender,krufdk@ovh.net,65.106.89.205,ovh,net
490,Nerty,Newlands,male,nnewlandsdl@mit.edu,238.101.159.108,mit,edu
491,Lianne,Haysar,female,lhaysardm@flavors.me,147.59.196.73,flavors,me
492,Brocky,Middleweek,genderqueer,bmiddleweekdn@uiuc.edu,233.53.189.66,uiuc,edu
493,Isidro,Aspland,polygender,iasplanddo@livejournal.com,66.200.141.173,livejournal,com
494,Abbie,Foch,bigender,afochdp@vistaprint.com,236.68.102.75,vistaprint,com
495,Angeline,Veracruysse,genderqueer,averacruyssedq@nasa.gov,124.94.105.124,nasa,gov
496,Owen,Southworth,polygender,osouthworthdr@ustream.tv,183.207.74.242,ustream,tv
497,Gypsy,Shory,genderfluid,gshoryds@networkadvertising.org,196.164.134.108,networkadvertising,org
498,Angelo,Bold,non-binary,abolddt@blogspot.com,36.193.209.204,blogspot,com
499,Frederik,Collyear,non-binary,fcollyeardu@cisco.com,9.114.134.19,cisco,com
500,Sammy,LeEstut,polygender,sleestutdv@mapquest.com,98.206.238.60,mapquest,com
501,Adelaide,Yushachkov,bigender,ayushachkovdw@com.com,241.237.36.186,com,com
502,Danya,McGavigan,agender,dmcgavigandx@gov.uk,150.216.40.198,gov,uk
503,Fernande,Riggs,female,friggsdy@china.com.cn,222.101.139.90,china,com
504,Kahaleel,Erbe,female,kerbedz@dion.ne.jp,179.66.119.97,dion,ne
505,Otis,Kores,female,okorese0@merriam-webster.com,77.74.29.81,merriam-webster,com
506,Lamont,Foran,polygender,lforane1@linkedin.com,60.233.115.156,linkedin,com
507,Burt,Blaisdale,polygender,bblaisdalee2@wikispaces.com,32.228.135.245,wikispaces,com
508,Sidonia,Tolson,bigender,stolsone3@wordpress.org,77.158.228.244,wordpress,org
509,Ailis,Innman,non-binary,ainnmane4@nature.com,160.33.4.59,nature,com
510,Minnnie,Healings,male,mhealingse5@1688.com,1.238.148.207,1688,com
511,Lynnette,Gritskov,male,lgritskove6@soundcloud.com,167.152.60.163,soundcloud,com
512,Gun,Hayhurst,polygender,ghayhurste7@home.pl,61.4.132.97,home,pl
513,Tailor,Barney,bigender,tbarneye8@webeden.co.uk,14.253.9.159,webeden,co
514,Brion,MacTeague,female,bmacteaguee9@wikimedia.org,77.11.68.112,wikimedia,org
515,Elinor,Burras,polygender,eburrasea@creativecommons.org,215.159.184.155,creativecommons,org
516,Alix,Wardhaw,female,awardhaweb@java.com,47.62.190.228,java,com
517,Gilberta,Dumingos,non-binary,gdumingosec@sun.com,61.248.122.255,sun,com
518,Nathalie,Baudain,agender,nbaudained@infoseek.co.jp,84.94.173.7,infoseek,co
519,Mel,Carpenter,genderqueer,mcarpenteree@noaa.gov,247.121.130.219,noaa,gov
520,Analiese,Elphick,genderqueer,aelphickef@businessinsider.com,180.244.160.17,businessinsider,com
521,Kippie,Kilpatrick,polygender,kkilpatrickeg@yandex.ru,24.12.186.179,yandex,ru
522,Laverna,Hardisty,non-binary,lhardistyeh@ow.ly,200.175.236.237,ow,ly
523,Colet,Saturley,genderfluid,csaturleyei@chicagotribune.com,32.245.68.134,chicagotribune,com
524,Pippy,Hayesman,genderqueer,phayesmanej@ucsd.edu,231.186.213.63,ucsd,edu
525,Robert,Hixley,genderfluid,rhixleyek@netvibes.com,102.33.42.65,netvibes,com
526,Marilin,Kellen,agender,mkellenel@oaic.gov.au,104.194.207.154,oaic,gov
527,Bronnie,Cholonin,non-binary,bcholoninem@disqus.com,35.7.198.97,disqus,com
528,Ogden,Rishman,polygender,orishmanen@angelfire.com,187.107.37.45,angelfire,com
529,Ruth,Fillon,female,rfilloneo@chron.com,152.79.114.104,chron,com
530,Lynea,Hannen,agender,lhannenep@wsj.com,56.111.177.137,wsj,com
531,Leigh,Shippard,female,lshippardeq@businesswire.com,182.144.20.119,businesswire,com
532,Marlyn,Woolcocks,genderfluid,mwoolcockser@sourceforge.net,179.159.8.211,sourceforge,net
533,Dorelia,Rodden,non-binary,droddenes@va.gov,222.227.225.135,va,gov
534,Brook,Conner,bigender,bconneret@jimdo.com,64.205.147.145,jimdo,com
535,Josephina,Parley,non-binary,jparleyeu@deliciousdays.com,129.109.71.110,deliciousdays,com
536,Darnall,Flaws,male,dflawsev@360.cn,160.134.95.83,360,cn
537,Adelbert,Gerg,male,agergew@statcounter.com,31.199.211.165,statcounter,com
538,Peria,Paine,genderfluid,ppaineex@discuz.net,64.130.14.167,discuz,net
539,Cornie,Iacofo,polygender,ciacofoey@state.gov,12.142.183.71,state,gov
540,Athene,Inker,male,ainkerez@usgs.gov,217.92.216.13,usgs,gov
541,Louise,Skoate,genderqueer,lskoatef0@buzzfeed.com,136.15.100.217,buzzfeed,com
542,Chevalier,Cartmail,male,ccartmailf1@flavors.me,29.63.171.91,flavors,me
543,Grata,Gaylord,male,ggaylordf2@uiuc.edu,164.254.6.171,uiuc,edu
544,Beulah,Niven,genderfluid,bnivenf3@nytimes.com,186.112.94.16,nytimes,com
545,Lorin,Birchall,female,lbirchallf4@uiuc.edu,14.82.86.117,uiuc,edu
546,Gilly,Bengoechea,male,gbengoecheaf5@php.net,135.159.31.161,php,net
547,Jemimah,Wylam,agender,jwylamf6@google.co.jp,160.206.199.89,google,co
548,Ulrikaumeko,Lumsden,male,ulumsdenf7@jalbum.net,94.55.3.52,jalbum,net
549,Pall,Puttnam,genderqueer,pputtnamf8@soundcloud.com,193.255.245.126,soundcloud,com
550,Taber,Lorek,agender,tlorekf9@nydailynews.com,20.80.94.195,nydailynews,com
551,Rasia,Van Dalen,non-binary,rvandalenfa@altervista.org,42.102.177.173,altervista,org
552,Thedrick,Southerden,agender,tsoutherdenfb@weebly.com,173.10.234.166,weebly,com
553,Loretta,Allsup,male,lallsupfc@studiopress.com,84.48.165.48,studiopress,com
554,Kirstin,Genty,genderfluid,kgentyfd@thetimes.co.uk,171.213.182.86,thetimes,co
555,Zonda,Kingshott,female,zkingshottfe@yolasite.com,247.134.92.56,yolasite,com
556,Barton,Poland,agender,bpolandff@fema.gov,200.168.182.67,fema,gov
557,Taite,Ryam,bigender,tryamfg@tripod.com,163.190.173.18,tripod,com
558,Cassie,Lainge,genderfluid,claingefh@smugmug.com,35.124.81.34,smugmug,com
559,Tedie,Posnette,genderqueer,tposnettefi@twitpic.com,143.25.125.56,twitpic,com
560,Orran,Passby,genderfluid,opassbyfj@zimbio.com,101.72.173.175,zimbio,com
561,Timotheus,Jephson,genderqueer,tjephsonfk@amazon.de,175.7.75.107,amazon,de
562,Antonin,Janzen,genderfluid,ajanzenfl@elpais.com,173.27.195.205,elpais,com
563,Yolanthe,Pitchers,polygender,ypitchersfm@google.pl,243.220.167.143,google,pl
564,Sibyl,Gouldthorp,genderfluid,sgouldthorpfn@technorati.com,110.203.202.21,technorati,com
565,Lacie,Minghetti,polygender,lminghettifo@youku.com,117.79.31.104,youku,com
566,Torrence,Giaomozzo,female,tgiaomozzofp@wikia.com,156.153.40.149,wikia,com
567,Grover,O'Dowd,non-binary,godowdfq@instagram.com,240.242.215.3,instagram,com
568,Ivor,Heaysman,non-binary,iheaysmanfr@nbcnews.com,38.201.159.88,nbcnews,com
569,Stepha,Setchfield,non-binary,ssetchfieldfs@yellowpages.com,249.113.80.55,yellowpages,com
570,Jereme,Dowbakin,agender,jdowbakinft@tumblr.com,51.227.125.196,tumblr,com
571,Aubert,Ashfield,genderfluid,aashfieldfu@redcross.org,231.22.203.69,redcross,org
572,Kayley,McCool,genderqueer,kmccoolfv@t-online.de,102.105.247.200,t-online,de
573,Demetrius,Lickess,bigender,dlickessfw@smugmug.com,27.255.233.172,smugmug,com
574,Mohandis,Cater,female,mcaterfx@dropbox.com,93.189.162.109,dropbox,com
575,Friedrick,Docket,non-binary,fdocketfy@google.pl,176.86.101.54,google,pl
576,Sadye,Keemar,female,skeemarfz@harvard.edu,47.0.78.123,harvard,edu
577,Northrup,Earry,female,nearryg0@webnode.com,241.247.110.1,webnode,com
578,Niles,Toquet,genderfluid,ntoquetg1@prweb.com,7.2.252.59,prweb,com
579,Filmore,Amis,genderfluid,famisg2@xrea.com,10.17.106.183,xrea,com
580,Petunia,Atyea,genderfluid,patyeag3@ezinearticles.com,8.97.69.240,ezinearticles,com
581,Tobiah,Velasquez,male,tvelasquezg4@chronoengine.com,250.173.237.85,chronoengine,com
582,Ezmeralda,Veldens,genderfluid,eveldensg5@illinois.edu,29.23.41.238,illinois,edu
583,Sharla,Crickmoor,bigender,scrickmoorg6@hostgator.com,184.102.5.109,hostgator,com
584,Robinia,Bolger,non-binary,rbolgerg7@ifeng.com,134.154.154.231,ifeng,com
585,Rodge,Falks,genderfluid,rfalksg8@technorati.com,161.249.224.188,technorati,com
586,Erl,Humpatch,bigender,ehumpatchg9@rambler.ru,66.226.51.236,rambler,ru
587,Coreen,Phittiplace,non-binary,cphittiplacega@artisteer.com,97.239.26.163,artisteer,com
588,Kim,Brittin,genderfluid,kbrittingb@mayoclinic.com,45.248.133.13,mayoclinic,com
589,Isidora,Wildber,agender,iwildbergc@t-online.de,100.17.185.136,t-online,de
590,Malena,Zwicker,genderqueer,mzwickergd@wikispaces.com,157.162.208.190,wikispaces,com
591,Charleen,Aughton,genderfluid,caughtonge@umich.edu,110.6.84.8,umich,edu
592,Maddy,Titchener,female,mtitchenergf@redcross.org,141.131.252.99,redcross,org
593,Lisle,Dibb,bigender,ldibbgg@hc360.com,204.101.159.220,hc360,com
594,Trula,Artinstall,male,tartinstallgh@oaic.gov.au,100.242.109.66,oaic,gov
595,Torey,Lowdeane,non-binary,tlowdeanegi@deliciousdays.com,242.153.75.34,deliciousdays,com
596,Lynett,Carrane,polygender,lcarranegj@exblog.jp,134.248.249.15,exblog,jp
597,Morna,Reape,non-binary,mreapegk@clickbank.net,152.224.232.200,clickbank,net
598,Bertina,Cabell,polygender,bcabellgl@webmd.com,30.160.163.230,webmd,com
599,Martelle,Giovannilli,non-binary,mgiovannilligm@vistaprint.com,253.240.216.144,vistaprint,com
600,Spencer,Mushawe,polygender,smushawegn@sogou.com,83.204.245.104,sogou,com
601,Kordula,Murrhaupt,polygender,kmurrhauptgo@loc.gov,244.156.205.28,loc,gov
602,Moishe,Belchamber,non-binary,mbelchambergp@businessweek.com,88.20.3.183,businessweek,com
603,Blondie,Floch,bigender,bflochgq@google.com,173.178.1.186,google,com
604,Zondra,Vennart,female,zvennartgr@gmpg.org,140.82.179.5,gmpg,org
605,Cristal,Forsdike,female,cforsdikegs@mozilla.com,0.226.53.81,mozilla,com
606,Kendre,Kimblin,genderfluid,kkimblingt@bbc.co.uk,86.252.158.185,bbc,co
607,Gar,Somerbell,bigender,gsomerbellgu@berkeley.edu,89.224.21.241,berkeley,edu
608,Kelli,Rodenburgh,male,krodenburghgv@time.com,27.212.139.25,time,com
609,Cacilia,Evitts,agender,cevittsgw@com.com,249.134.100.41,com,com
610,Humphrey,Varne,agender,hvarnegx@de.vu,233.63.24.32,de,vu
611,Diane,Simon,female,dsimongy@nydailynews.com,32.221.155.83,nydailynews,com
612,Claudetta,Burdoun,genderfluid,cburdoungz@gnu.org,176.233.35.119,gnu,org
613,Saidee,Tommen,agender,stommenh0@homestead.com,139.169.233.201,homestead,com
614,Lorette,Burdis,genderfluid,lburdish1@nature.com,217.196.253.102,nature,com
615,Siana,Baudoux,female,sbaudouxh2@globo.com,240.247.148.100,globo,com
616,Irwin,Gindghill,genderqueer,igindghillh3@netlog.com,72.227.233.100,netlog,com
617,Morgen,Stoacley,female,mstoacleyh4@dion.ne.jp,15.249.89.27,dion,ne
618,Hurlee,Amar,bigender,hamarh5@zdnet.com,242.158.53.184,zdnet,com
619,Erin,Danieli,genderfluid,edanielih6@typepad.com,140.224.82.34,typepad,com
620,Flory,Oaker,agender,foakerh7@hc360.com,22.223.142.4,hc360,com
621,Fred,Howsan,genderfluid,fhowsanh8@ibm.com,228.28.22.125,ibm,com
622,Kevon,Roome,genderqueer,kroomeh9@utexas.edu,249.82.96.219,utexas,edu
623,Mercie,Deluze,genderqueer,mdeluzeha@thetimes.co.uk,194.102.73.25,thetimes,co
624,Gussy,Frostdyke,polygender,gfrostdykehb@ft.com,224.169.160.101,ft,com
625,Wilek,Tozer,male,wtozerhc@jimdo.com,67.53.133.45,jimdo,com
626,Dorian,Althorpe,agender,dalthorpehd@mapquest.com,189.117.237.161,mapquest,com
627,Darin,Furtado,bigender,dfurtadohe@smugmug.com,99.21.64.69,smugmug,com
628,Omar,Ayliffe,bigender,oayliffehf@macromedia.com,162.247.86.250,macromedia,com
629,Inna,Ruppert,agender,irupperthg@huffingtonpost.com,231.132.254.212,huffingtonpost,com
630,Annalee,Hambers,genderqueer,ahambershh@discuz.net,27.149.154.166,discuz,net
631,Sioux,Van Rembrandt,female,svanrembrandthi@qq.com,2.168.6.37,qq,com
632,Sonni,Kenward,genderfluid,skenwardhj@princeton.edu,134.27.111.202,princeton,edu
633,Jerrylee,Cotesford,genderfluid,jcotesfordhk@buzzfeed.com,80.158.180.215,buzzfeed,com
634,Luisa,Curlis,non-binary,lcurlishl@marriott.com,78.25.42.168,marriott,com
635,Adore,Gallie,genderfluid,agalliehm@smugmug.com,162.126.224.49,smugmug,com
636,Christian,Pettegre,bigender,cpettegrehn@dyndns.org,170.107.38.15,dyndns,org
637,Caleb,Gurney,male,cgurneyho@google.com.au,110.24.87.152,google,com
638,Zabrina,Geist,genderfluid,zgeisthp@cocolog-nifty.com,218.31.62.250,cocolog-nifty,com
639,Tami,Brownsworth,polygender,tbrownsworthhq@ted.com,231.198.234.89,ted,com
640,Demetra,Diter,non-binary,dditerhr@nhs.uk,110.218.203.3,nhs,uk
641,Ambrose,De Pietri,genderfluid,adepietrihs@wordpress.org,10.241.37.252,wordpress,org
642,Wilhelmina,Vaney,genderqueer,wvaneyht@sourceforge.net,166.168.17.29,sourceforge,net
643,Donovan,Durrad,bigender,ddurradhu@indiatimes.com,50.97.207.44,indiatimes,com
644,Mitzi,Kiggel,genderfluid,mkiggelhv@360.cn,240.74.23.236,360,cn
645,Teddie,Stigger,male,tstiggerhw@canalblog.com,177.151.227.64,canalblog,com
646,Damian,Devigne,bigender,ddevignehx@washingtonpost.com,102.17.222.78,washingtonpost,com
647,Pattie,Gonnelly,polygender,pgonnellyhy@wikia.com,186.45.140.52,wikia,com
648,Neilla,Grabbam,female,ngrabbamhz@com.com,158.61.70.215,com,com
649,Maude,Durden,agender,mdurdeni0@51.la,194.171.91.10,51,la
650,Roxi,Claybourn,polygender,rclaybourni1@foxnews.com,118.1.169.28,foxnews,com
651,Radcliffe,Wrettum,genderqueer,rwrettumi2@de.vu,173.37.5.55,de,vu
652,Leola,Gilluley,bigender,lgilluleyi3@oracle.com,120.220.172.213,oracle,com
653,Lorrayne,Charpling,male,lcharplingi4@etsy.com,80.122.16.119,etsy,com
654,Arabel,Rentoul,bigender,arentouli5@cam.ac.uk,140.155.212.165,cam,ac
655,Truda,Whitsun,genderqueer,twhitsuni6@bravesites.com,52.76.9.227,bravesites,com
656,Brandise,Goathrop,non-binary,bgoathropi7@cloudflare.com,133.88.62.25,cloudflare,com
657,Barr,Toone,female,btoonei8@miitbeian.gov.cn,138.184.123.70,miitbeian,gov
658,Roxanne,Stilwell,agender,rstilwelli9@google.com,251.191.70.115,google,com
659,Carmine,Tennant,polygender,ctennantia@ning.com,205.251.58.9,ning,com
660,Shannon,Bodell,male,sbodellib@merriam-webster.com,202.235.163.234,merriam-webster,com
661,Hortensia,Orknay,male,horknayic@artisteer.com,181.67.133.87,artisteer,com
662,Lindon,Caurah,agender,lcaurahid@technorati.com,49.174.210.94,technorati,com
663,Paloma,Pusey,female,ppuseyie@businesswire.com,102.23.99.110,businesswire,com
664,Tore,Alpin,genderqueer,talpinif@feedburner.com,152.37.167.74,feedburner,com
665,Ruthie,Manson,genderfluid,rmansonig@cocolog-nifty.com,159.218.19.232,cocolog-nifty,com
666,Briny,Olek,agender,bolekih@pinterest.com,76.150.75.46,pinterest,com
667,Jonis,Temperton,genderqueer,jtempertonii@mtv.com,117.240.176.188,mtv,com
668,Rene,Bende,male,rbendeij@a8.net,160.226.17.182,a8,net
669,Tally,Zwicker,female,tzwickerik@twitpic.com,102.16.152.79,twitpic,com
670,Pepito,Levesley,non-binary,plevesleyil@usa.gov,171.194.165.83,usa,gov
671,Kristyn,Ungerecht,female,kungerechtim@usgs.gov,70.226.8.65,usgs,gov
672,Zena,Kentwell,female,zkentwellin@vimeo.com,77.135.120.46,vimeo,com
673,Obadiah,Ochterlonie,bigender,oochterlonieio@addtoany.com,197.58.205.118,addtoany,com
674,Dulcine,Conaboy,agender,dconaboyip@flavors.me,9.144.6.101,flavors,me
675,Kennett,Rewbottom,male,krewbottomiq@china.com.cn,11.80.123.77,china,com
676,Kristyn,Carncross,non-binary,kcarncrossir@theglobeandmail.com,152.212.189.208,theglobeandmail,com
677,Xenos,Emmot,non-binary,xemmotis@uol.com.br,36.134.121.152,uol,com
678,Dewain,Tebald,genderfluid,dtebaldit@topsy.com,104.243.240.126,topsy,com
679,Elise,Hallad,agender,ehalladiu@answers.com,46.240.119.34,answers,com
680,Ruperto,Winscum,genderfluid,rwinscumiv@cbc.ca,251.164.200.187,cbc,ca
681,Koo,Daniel,male,kdanieliw@imdb.com,36.48.238.187,imdb,com
682,Alphonso,Leverington,female,aleveringtonix@edublogs.org,58.49.46.26,edublogs,org
683,Crista,Parrin,genderfluid,cparriniy@hao123.com,80.181.204.125,hao123,com
684,Gerri,Lynett,male,glynettiz@gnu.org,164.142.116.155,gnu,org
685,Tracie,Ogborn,non-binary,togbornj0@addthis.com,145.1.185.5,addthis,com
686,Mellisa,Hale,female,mhalej1@baidu.com,195.161.116.251,baidu,com
687,Franz,Caughan,male,fcaughanj2@yale.edu,121.112.145.226,yale,edu
688,Syman,Snyder,non-binary,ssnyderj3@list-manage.com,116.106.186.77,list-manage,com
689,Bebe,Tampling,polygender,btamplingj4@elpais.com,31.144.109.178,elpais,com
690,Tiebout,MacConnel,male,tmacconnelj5@diigo.com,1.232.170.60,diigo,com
691,Ramsey,Kemsley,agender,rkemsleyj6@google.pl,164.143.91.106,google,pl
692,Renell,Tansill,male,rtansillj7@phoca.cz,188.225.184.128,phoca,cz
693,Somerset,Roberson,agender,srobersonj8@devhub.com,180.235.207.230,devhub,com
694,Jodie,Jaegar,genderfluid,jjaegarj9@about.com,115.83.137.68,about,com
695,Percival,Joder,bigender,pjoderja@hc360.com,216.108.221.229,hc360,com
696,Paola,Franchyonok,genderqueer,pfranchyonokjb@sun.com,6.106.215.19,sun,com
697,Harriott,Karpman,female,hkarpmanjc@pbs.org,254.112.99.49,pbs,org
698,Catharina,Pietrzak,non-binary,cpietrzakjd@latimes.com,21.182.26.40,latimes,com
699,Gianna,McAless,female,gmcalessje@123-reg.co.uk,46.27.235.104,123-reg,co
700,Luther,Pibsworth,agender,lpibsworthjf@virginia.edu,251.192.236.190,virginia,edu
701,Perry,Sparkwell,bigender,psparkwelljg@creativecommons.org,111.218.74.106,creativecommons,org
702,Peadar,Meffan,polygender,pmeffanjh@rediff.com,197.198.67.62,rediff,com
703,Lorraine,Caraher,bigender,lcaraherji@wikipedia.org,93.203.162.127,wikipedia,org
704,Bourke,Sinden,female,bsindenjj@mit.edu,97.156.14.17,mit,edu
705,Briana,Varley,genderfluid,bvarleyjk@clickbank.net,192.238.13.8,clickbank,net
706,Alverta,Winkell,bigender,awinkelljl@princeton.edu,10.33.165.146,princeton,edu
707,Correna,Pinckstone,non-binary,cpinckstonejm@yandex.ru,189.140.33.4,yandex,ru
708,Enrica,Frean,genderfluid,efreanjn@webs.com,222.118.114.177,webs,com
709,Kendricks,Symper,male,ksymperjo@sakura.ne.jp,33.208.15.36,sakura,ne
710,Mischa,Mallison,female,mmallisonjp@odnoklassniki.ru,166.43.93.55,odnoklassniki,ru
711,Chip,Calverd,genderqueer,ccalverdjq@mashable.com,144.176.24.7,mashable,com
712,Renata,Sherrum,male,rsherrumjr@army.mil,238.110.101.199,army,mil
713,Teressa,Stiegars,polygender,tstiegarsjs@tinypic.com,187.94.79.61,tinypic,com
714,Corabelle,Hudleston,genderfluid,chudlestonjt@360.cn,246.163.137.37,360,cn
715,Stormy,Barkshire,non-binary,sbarkshireju@sciencedaily.com,236.190.232.227,sciencedaily,com
716,Theadora,Lawdham,agender,tlawdhamjv@reverbnation.com,123.162.87.83,reverbnation,com
717,Gus,Prentice,genderqueer,gprenticejw@wiley.com,251.98.96.36,wiley,com
718,Ramonda,Kerswell,male,rkerswelljx@meetup.com,193.17.46.48,meetup,com
719,Alexei,Pittway,polygender,apittwayjy@craigslist.org,7.170.141.217,craigslist,org
720,Aline,Kase,genderqueer,akasejz@home.pl,253.29.199.198,home,pl
721,Perry,Giacomozzo,genderfluid,pgiacomozzok0@hatena.ne.jp,11.59.171.66,hatena,ne
722,Ravid,McCotter,agender,rmccotterk1@posterous.com,207.89.240.26,posterous,com
723,Bekki,Lount,genderqueer,blountk2@economist.com,111.64.186.112,economist,com
724,Merwin,Coopland,genderfluid,mcooplandk3@godaddy.com,126.41.110.87,godaddy,com
725,Carey,Burgh,genderqueer,cburghk4@gravatar.com,138.11.96.16,gravatar,com
726,Vern,McInnes,genderqueer,vmcinnesk5@wordpress.org,102.198.205.152,wordpress,org
727,Tuckie,Gideon,genderfluid,tgideonk6@skype.com,171.26.173.43,skype,com
728,Ellissa,Jeannesson,polygender,ejeannessonk7@apache.org,206.171.14.80,apache,org
729,Sherlocke,Folger,polygender,sfolgerk8@weibo.com,62.65.13.10,weibo,com
730,Maxie,Laflin,agender,mlaflink9@craigslist.org,170.70.242.48,craigslist,org
731,Janey,Bromehed,genderfluid,jbromehedka@prweb.com,170.248.175.14,prweb,com
732,Base,Camber,male,bcamberkb@abc.net.au,226.227.0.86,abc,net
733,Patty,Broughton,genderqueer,pbroughtonkc@skype.com,46.188.91.83,skype,com
734,Arri,Messent,female,amessentkd@businesswire.com,23.255.187.80,businesswire,com
735,Kariotta,Barlee,genderfluid,kbarleeke@wix.com,84.180.214.253,wix,com
736,Ezri,Painten,genderfluid,epaintenkf@csmonitor.com,35.45.176.188,csmonitor,com
737,Matti,La Vigne,agender,mlavignekg@indiatimes.com,2.65.233.229,indiatimes,com
738,Merrel,Frushard,male,mfrushardkh@themeforest.net,134.58.214.98,themeforest,net
739,Marla,Whimp,polygender,mwhimpki@hhs.gov,235.195.64.97,hhs,gov
740,Priscella,Hars,male,pharskj@vinaora.com,111.47.196.107,vinaora,com
741,Dorry,Haye,non-binary,dhayekk@google.de,250.24.88.235,google,de
742,Geraldine,Nisco,polygender,gniscokl@reference.com,12.98.188.222,reference,com
743,Marlin,Furtado,female,mfurtadokm@smh.com.au,78.220.29.207,smh,com
744,Abbey,Franc,non-binary,afranckn@berkeley.edu,111.46.149.109,berkeley,edu
745,Lia,Pavett,bigender,lpavettko@phoca.cz,70.186.126.75,phoca,cz
746,Wanids,Orrin,female,worrinkp@nydailynews.com,87.7.136.134,nydailynews,com
747,Lorrie,Instone,genderfluid,linstonekq@tripod.com,238.35.40.75,tripod,com
748,Zandra,Kembrey,genderfluid,zkembreykr@wordpress.com,43.173.241.158,wordpress,com
749,Ianthe,Pittel,genderfluid,ipittelks@squarespace.com,204.105.101.138,squarespace,com
750,Catharine,Fabry,male,cfabrykt@ameblo.jp,133.201.21.116,ameblo,jp
751,Robinett,Kinver,genderfluid,rkinverku@g.co,1.4.16.197,g,co
752,Karyl,Profit,male,kprofitkv@uol.com.br,185.49.179.18,uol,com
753,Lianna,Tallis,male,ltalliskw@tumblr.com,167.77.174.139,tumblr,com
754,Lanae,Cundy,female,lcundykx@usda.gov,52.250.241.38,usda,gov
755,Curtis,Giacovelli,non-binary,cgiacovelliky@dagondesign.com,224.230.187.157,dagondesign,com
756,Marianna,Soles,female,msoleskz@devhub.com,130.161.119.224,devhub,com
757,Rosemonde,Celez,polygender,rcelezl0@prnewswire.com,124.11.168.219,prnewswire,com
758,Ignazio,Judkins,bigender,ijudkinsl1@arstechnica.com,188.60.90.122,arstechnica,com
759,Emmet,Alton,genderfluid,ealtonl2@archive.org,127.112.118.120,archive,org
760,Barth,Velareal,genderqueer,bvelareall3@github.com,121.210.149.181,github,com
761,Bobbe,Hagley,non-binary,bhagleyl4@wired.com,1.193.121.119,wired,com
762,Earlie,Manclark,genderqueer,emanclarkl5@slideshare.net,225.213.203.231,slideshare,net
763,Hynda,Normansell,non-binary,hnormanselll6@squidoo.com,240.148.227.115,squidoo,com
764,Waldo,Tattoo,genderqueer,wtattool7@toplist.cz,53.213.230.255,toplist,cz
765,Egor,Tanswill,female,etanswilll8@cpanel.net,183.180.165.96,cpanel,net
766,Florella,Joyson,agender,fjoysonl9@mac.com,219.252.178.187,mac,com
767,Sam,Meaden,genderqueer,smeadenla@wp.com,165.3.157.148,wp,com
768,Giles,Spikeings,genderqueer,gspikeingslb@sourceforge.net,51.5.159.19,sourceforge,net
769,Mart,Meale,agender,mmealelc@mapy.cz,224.115.195.72,mapy,cz
770,Gwenneth,Schafer,agender,gschaferld@jalbum.net,194.141.204.40,jalbum,net
771,Chaddie,Overthrow,non-binary,coverthrowle@hhs.gov,251.146.147.199,hhs,gov
772,Zollie,Tomasek,non-binary,ztomaseklf@intel.com,119.143.2.218,intel,com
773,Shalom,Egdell,genderfluid,segdelllg@naver.com,202.133.204.232,naver,com
774,Steve,Jeaycock,polygender,sjeaycocklh@typepad.com,200.178.133.97,typepad,com
775,Hildegaard,Tumbelty,male,htumbeltyli@chron.com,159.52.177.87,chron,com
776,Dunc,O'Hone,bigender,dohonelj@gmpg.org,57.131.15.164,gmpg,org
777,Evyn,Lacy,polygender,elacylk@whitehouse.gov,169.71.156.195,whitehouse,gov
778,Korrie,Fairman,genderfluid,kfairmanll@ustream.tv,195.89.16.8,ustream,tv
779,Tarrah,Casina,genderfluid,tcasinalm@bigcartel.com,231.251.120.155,bigcartel,com
780,Beltran,Donaghie,polygender,bdonaghieln@facebook.com,159.64.120.128,facebook,com
781,Domenico,Keinrat,male,dkeinratlo@samsung.com,220.175.234.44,samsung,com
782,Sheff,Spoors,bigender,sspoorslp@google.com.au,104.150.182.209,google,com
783,Lethia,Vanderplas,male,lvanderplaslq@surveymonkey.com,2.36.30.192,surveymonkey,com
784,Web,Teers,female,wteerslr@cmu.edu,115.119.200.29,cmu,edu
785,Ninnette,Dunsleve,agender,ndunslevels@netscape.com,43.190.191.185,netscape,com
786,Corrina,Hatchell,polygender,chatchelllt@homestead.com,47.99.243.6,homestead,com
787,Hali,Eggins,bigender,hegginslu@netscape.com,54.229.95.225,netscape,com
788,Val,Ramel,female,vramellv@vimeo.com,218.130.20.28,vimeo,com
789,Evelina,Guidetti,male,eguidettilw@rambler.ru,197.87.209.255,rambler,ru
790,Jolie,Lambertini,non-binary,jlambertinilx@ihg.com,125.23.114.205,ihg,com
791,Sky,Antonich,genderqueer,santonichly@cbsnews.com,183.98.45.233,cbsnews,com
792,Ddene,Gulk,bigender,dgulklz@cdc.gov,88.86.70.106,cdc,gov
793,Siouxie,Loseke,polygender,slosekem0@nature.com,114.106.82.36,nature,com
794,Conrado,Gianolini,genderfluid,cgianolinim1@go.com,106.182.53.169,go,com
795,Joseito,Beany,bigender,jbeanym2@google.es,248.36.108.158,google,es
796,Bruce,Matysiak,genderqueer,bmatysiakm3@tumblr.com,188.223.173.193,tumblr,com
797,Abraham,Knutton,non-binary,aknuttonm4@businessweek.com,191.166.25.16,businessweek,com
798,Howie,Braikenridge,non-binary,hbraikenridgem5@mysql.com,184.70.124.23,mysql,com
799,Ruttger,Duck,bigender,rduckm6@sourceforge.net,33.183.146.193,sourceforge,net
800,Florance,Brittian,male,fbrittianm7@friendfeed.com,238.39.233.236,friendfeed,com
801,Gizela,Domleo,male,gdomleom8@hud.gov,153.146.109.173,hud,gov
802,Marje,Greenall,agender,mgreenallm9@macromedia.com,220.245.234.41,macromedia,com
803,Hillie,Baumer,genderqueer,hbaumerma@huffingtonpost.com,113.115.164.226,huffingtonpost,com
804,Otes,Lowrie,genderfluid,olowriemb@purevolume.com,102.212.6.105,purevolume,com
805,Vicki,Costley,bigender,vcostleymc@fda.gov,202.194.178.233,fda,gov
806,Cathrine,Whistlecraft,bigender,cwhistlecraftmd@aboutads.info,207.3.23.3,aboutads,info
807,Bendix,Goodboddy,polygender,bgoodboddyme@answers.com,152.97.131.43,answers,com
808,Nelly,Mewton,bigender,nmewtonmf@redcross.org,186.142.218.148,redcross,org
809,Sly,Chasmer,non-binary,schasmermg@deviantart.com,251.237.10.175,deviantart,com
810,Leda,Pietri,female,lpietrimh@sciencedaily.com,132.88.116.185,sciencedaily,com
811,Anabal,Chelsom,bigender,achelsommi@about.com,64.16.15.150,about,com
812,Danita,Das,non-binary,ddasmj@nyu.edu,252.126.38.99,nyu,edu
813,Avictor,Moral,bigender,amoralmk@chicagotribune.com,81.182.3.96,chicagotribune,com
814,Durant,Yukhnini,agender,dyukhniniml@printfriendly.com,40.78.162.167,printfriendly,com
815,Ryley,Liptrot,genderqueer,rliptrotmm@hubpages.com,72.196.253.252,hubpages,com
816,Meridith,Petry,polygender,mpetrymn@ucla.edu,34.82.142.61,ucla,edu
817,Ertha,Franke,bigender,efrankemo@ucoz.com,137.69.181.240,ucoz,com
818,Burg,Ellin,male,bellinmp@hhs.gov,16.152.114.97,hhs,gov
819,Laural,Skokoe,agender,lskokoemq@unesco.org,41.246.178.229,unesco,org
820,Billie,Blemings,agender,bblemingsmr@google.co.uk,107.143.120.231,google,co
821,Olivette,Ties,female,otiesms@purevolume.com,67.239.137.131,purevolume,com
822,Jane,Northgraves,female,jnorthgravesmt@skyrock.com,98.76.91.173,skyrock,com
823,Newton,Burdell,genderqueer,nburdellmu@paginegialle.it,110.84.49.9,paginegialle,it
824,Balduin,Tunney,genderfluid,btunneymv@youtube.com,131.209.85.137,youtube,com
825,Juditha,Stanbro,female,jstanbromw@imgur.com,111.248.210.237,imgur,com
826,Leeann,McDermid,genderfluid,lmcdermidmx@canalblog.com,231.152.28.229,canalblog,com
827,Alanah,Cariss,genderqueer,acarissmy@acquirethisname.com,125.58.18.7,acquirethisname,com
828,Cathe,Goman,male,cgomanmz@salon.com,217.57.196.13,salon,com
829,Carlie,O'Currigan,non-binary,cocurrigann0@t-online.de,135.111.130.187,t-online,de
830,Mei,Brade,genderqueer,mbraden1@noaa.gov,9.32.166.7,noaa,gov
831,Allx,Donoher,bigender,adonohern2@wp.com,107.183.202.70,wp,com
832,Sacha,Sparshott,non-binary,ssparshottn3@cam.ac.uk,10.212.228.129,cam,ac
833,Shaina,Dumberrill,female,sdumberrilln4@prlog.org,164.71.157.174,prlog,org
834,Selinda,Wapples,polygender,swapplesn5@uiuc.edu,251.6.166.125,uiuc,edu
835,Lilyan,Floyed,genderfluid,lfloyedn6@patch.com,132.202.89.163,patch,com
836,Myrta,Gianettini,genderqueer,mgianettinin7@abc.net.au,12.206.159.1,abc,net
837,Kassia,Duiged,agender,kduigedn8@1und1.de,101.62.15.86,1und1,de
838,Chip,Paramore,male,cparamoren9@illinois.edu,234.47.57.132,illinois,edu
839,Josh,Page,polygender,jpagena@google.co.jp,91.93.242.187,google,co
840,De witt,Francais,polygender,dfrancaisnb@marriott.com,241.73.17.58,marriott,com
841,Krista,Ambrosch,male,kambroschnc@hugedomains.com,229.7.82.87,hugedomains,com
842,Juliann,Rodrig,agender,jrodrignd@huffingtonpost.com,248.240.6.232,huffingtonpost,com
843,Tobey,Bizzey,non-binary,tbizzeyne@omniture.com,93.56.0.243,omniture,com
844,Celeste,Romayne,female,cromaynenf@stanford.edu,169.198.57.189,stanford,edu
845,Dexter,Bugg,agender,dbuggng@shinystat.com,47.209.109.39,shinystat,com
846,Auberta,Keetch,genderqueer,akeetchnh@scientificamerican.com,175.213.176.80,scientificamerican,com
847,Terri,Clarage,genderqueer,tclarageni@twitpic.com,241.77.230.219,twitpic,com
848,Aggy,Ferrarin,genderfluid,aferrarinnj@tinypic.com,13.127.20.99,tinypic,com
849,Nikos,Banaszkiewicz,male,nbanaszkiewicznk@creativecommons.org,211.27.4.73,creativecommons,org
850,Marylee,Wainscot,bigender,mwainscotnl@ftc.gov,33.179.128.173,ftc,gov
851,Kyrstin,Matfin,agender,kmatfinnm@shop-pro.jp,2.10.230.4,shop-pro,jp
852,Basil,Lukovic,polygender,blukovicnn@google.it,81.149.67.132,google,it
853,Francesco,Turford,agender,fturfordno@youtube.com,243.83.121.229,youtube,com
854,Saunders,Wraggs,non-binary,swraggsnp@cornell.edu,174.161.253.244,cornell,edu
855,Pearline,Hallwell,polygender,phallwellnq@ted.com,64.91.28.93,ted,com
856,Camel,Headech,female,cheadechnr@altervista.org,228.68.83.70,altervista,org
857,Josias,McKay,genderfluid,jmckayns@comsenz.com,226.18.184.62,comsenz,com
858,Diane-marie,Pendrick,male,dpendricknt@comsenz.com,210.96.158.210,comsenz,com
859,Adrian,MacCosto,genderqueer,amaccostonu@webmd.com,183.4.92.221,webmd,com
860,Berny,Werner,genderfluid,bwernernv@pen.io,228.139.24.37,pen,io
861,Margaretha,Cruxton,genderfluid,mcruxtonnw@tumblr.com,202.252.255.152,tumblr,com
862,Vitoria,Verrillo,genderqueer,vverrillonx@home.pl,223.20.127.94,home,pl
863,Kalindi,Woolland,polygender,kwoollandny@sfgate.com,60.232.180.45,sfgate,com
864,Clive,Gietz,agender,cgietznz@telegraph.co.uk,4.14.179.76,telegraph,co
865,Rossie,Parsons,polygender,rparsonso0@ycombinator.com,101.191.233.169,ycombinator,com
866,Ezri,Kernocke,female,ekernockeo1@ebay.com,231.19.218.152,ebay,com
867,Tucker,Hellyar,genderqueer,thellyaro2@un.org,109.197.184.250,un,org
868,Hailee,Cordero,bigender,hcorderoo3@1688.com,73.177.97.95,1688,com
869,Roxana,Burkart,female,rburkarto4@spiegel.de,222.131.28.44,spiegel,de
870,Ethelyn,Style,polygender,estyleo5@disqus.com,234.128.10.182,disqus,com
871,Ema,Haining,male,ehainingo6@dailymotion.com,228.230.89.101,dailymotion,com
872,Reine,Isgar,agender,risgaro7@youtube.com,109.127.116.116,youtube,com
873,Andree,Dewing,female,adewingo8@ning.com,170.56.35.107,ning,com
874,Gregorius,Soane,genderqueer,gsoaneo9@fda.gov,28.90.148.111,fda,gov
875,Chip,Olivi,agender,colivioa@4shared.com,160.159.17.168,4shared,com
876,Bartlett,MacGoun,non-binary,bmacgounob@sun.com,176.127.110.173,sun,com
877,Codi,Benda,bigender,cbendaoc@weibo.com,133.43.174.173,weibo,com
878,Cynthie,Hasselby,non-binary,chasselbyod@sakura.ne.jp,45.3.36.227,sakura,ne
879,Ernaline,Van den Hof,polygender,evandenhofoe@usda.gov,238.162.232.147,usda,gov
880,Fionna,Leeburn,male,fleeburnof@ameblo.jp,153.158.87.5,ameblo,jp
881,Lev,Callendar,female,lcallendarog@nsw.gov.au,244.165.130.8,nsw,gov
882,Merrilee,Face,polygender,mfaceoh@apple.com,133.220.209.210,apple,com
883,Angil,O'Lynn,male,aolynnoi@weather.com,56.164.19.99,weather,com
884,Rosanne,Hallsworth,male,rhallsworthoj@wix.com,122.139.13.147,wix,com
885,Gary,Joder,genderqueer,gjoderok@rakuten.co.jp,119.101.215.205,rakuten,co
886,Natalee,Rosenbush,male,nrosenbushol@fastcompany.com,65.53.70.141,fastcompany,com
887,Kelley,Phalip,male,kphalipom@buzzfeed.com,199.247.78.172,buzzfeed,com
888,Faydra,Pemble,genderqueer,fpembleon@soundcloud.com,93.179.230.117,soundcloud,com
889,Viki,Burgise,non-binary,vburgiseoo@wunderground.com,41.104.27.46,wunderground,com
890,Matthew,Innot,non-binary,minnotop@spiegel.de,80.86.227.67,spiegel,de
891,Kordula,Reinbeck,polygender,kreinbeckoq@msn.com,176.51.113.229,msn,com
892,Mortimer,Kindell,female,mkindellor@g.co,109.219.140.251,g,co
893,Quent,Maron,female,qmaronos@elegantthemes.com,132.244.180.120,elegantthemes,com
894,Egan,Angless,agender,eanglessot@cam.ac.uk,72.191.189.18,cam,ac
895,Berkly,Cambling,bigender,bcamblingou@accuweather.com,188.14.240.246,accuweather,com
896,Mohandas,Coates,genderfluid,mcoatesov@oracle.com,99.47.56.94,oracle,com
897,Lanita,Sheircliffe,bigender,lsheircliffeow@creativecommons.org,213.207.238.240,creativecommons,org
898,Ellis,Yerrall,agender,eyerrallox@soundcloud.com,169.211.207.208,soundcloud,com
899,Farleigh,Hales,polygender,fhalesoy@ebay.co.uk,208.114.97.28,ebay,co
900,Dniren,Nelmes,genderqueer,dnelmesoz@unc.edu,21.133.44.113,unc,edu
901,Ody,Crellin,male,ocrellinp0@wikimedia.org,229.19.84.115,wikimedia,org
902,Stirling,Jennaroy,agender,sjennaroyp1@tripod.com,128.198.80.166,tripod,com
903,Randee,Bratten,male,rbrattenp2@php.net,117.209.218.178,php,net
904,Roda,Langworthy,non-binary,rlangworthyp3@wiley.com,143.144.213.179,wiley,com
905,Ange,Savins,polygender,asavinsp4@rediff.com,150.50.110.14,rediff,com
906,Veradis,Frude,bigender,vfrudep5@dot.gov,105.115.198.200,dot,gov
907,Annaliese,Lescop,male,alescopp6@clickbank.net,224.86.103.245,clickbank,net
908,Osbourne,Gaize,polygender,ogaizep7@surveymonkey.com,155.131.66.106,surveymonkey,com
909,Alfred,Gueste,polygender,aguestep8@omniture.com,23.28.116.77,omniture,com
910,Blanca,Halford,non-binary,bhalfordp9@sitemeter.com,211.66.217.105,sitemeter,com
911,Shirlene,Everall,genderfluid,severallpa@myspace.com,122.95.11.194,myspace,com
912,Dianna,Woloschin,agender,dwoloschinpb@oakley.com,103.95.224.157,oakley,com
913,Eddi,Choppin,genderfluid,echoppinpc@un.org,69.204.55.34,un,org
914,Bourke,Garshore,genderqueer,bgarshorepd@gov.uk,242.87.150.115,gov,uk
915,Moritz,Besantie,male,mbesantiepe@plala.or.jp,35.248.235.38,plala,or
916,Leora,Pietzker,non-binary,lpietzkerpf@toplist.cz,59.32.167.52,toplist,cz
917,Fletch,Humble,polygender,fhumblepg@ezinearticles.com,134.156.108.193,ezinearticles,com
918,Cornelius,Delacourt,polygender,cdelacourtph@163.com,220.34.226.170,163,com
919,Francisco,Scrace,genderfluid,fscracepi@shop-pro.jp,70.153.85.205,shop-pro,jp
920,Town,Sandbatch,female,tsandbatchpj@timesonline.co.uk,196.23.28.197,timesonline,co
921,Philipa,Renyard,female,prenyardpk@reverbnation.com,88.112.147.205,reverbnation,com
922,Elfie,Peterken,male,epeterkenpl@flavors.me,76.69.245.195,flavors,me
923,Hubert,Melby,bigender,hmelbypm@dedecms.com,123.44.99.188,dedecms,com
924,Syman,Sarle,bigender,ssarlepn@indiatimes.com,7.200.215.34,indiatimes,com
925,Sarette,Buchan,polygender,sbuchanpo@msn.com,225.15.91.164,msn,com
926,Danyette,Farlowe,agender,dfarlowepp@woothemes.com,117.138.133.139,woothemes,com
927,Hussein,De Vaar,non-binary,hdevaarpq@cbc.ca,192.247.196.249,cbc,ca
928,Brittney,Dickon,genderqueer,bdickonpr@opera.com,224.52.19.0,opera,com
929,Morton,Chadburn,female,mchadburnps@google.fr,148.242.179.110,google,fr
930,Artair,Tremblett,agender,atremblettpt@craigslist.org,84.15.255.97,craigslist,org
931,Candi,MacScherie,genderfluid,cmacscheriepu@clickbank.net,41.209.199.154,clickbank,net
932,Tito,Frisch,polygender,tfrischpv@rediff.com,214.22.199.49,rediff,com
933,Katinka,Etheridge,genderqueer,ketheridgepw@independent.co.uk,98.131.65.36,independent,co
934,Maddy,Bratley,female,mbratleypx@npr.org,161.33.0.52,npr,org
935,Gretta,Heynel,bigender,gheynelpy@nationalgeographic.com,219.222.224.100,nationalgeographic,com
936,Anastassia,Harford,genderqueer,aharfordpz@nba.com,199.241.112.125,nba,com
937,Denise,Prozillo,female,dprozilloq0@discuz.net,5.200.32.13,discuz,net
938,Vivianna,Scotchmor,non-binary,vscotchmorq1@soup.io,134.127.115.217,soup,io
939,Casey,Sterke,male,csterkeq2@rediff.com,34.228.247.251,rediff,com
940,Cyrille,Dadley,polygender,cdadleyq3@github.io,207.215.135.157,github,io
941,Fulton,Eates,non-binary,featesq4@salon.com,112.38.229.144,salon,com
942,Holden,Marques,genderqueer,hmarquesq5@ifeng.com,199.186.59.120,ifeng,com
943,Loralyn,Amiranda,genderfluid,lamirandaq6@mail.ru,178.245.219.90,mail,ru
944,Fiorenze,Phelit,bigender,fphelitq7@mapy.cz,85.95.123.146,mapy,cz
945,Rodolphe,St. Paul,genderqueer,rstpaulq8@amazon.co.uk,41.129.131.78,amazon,co
946,Ban,Taggart,non-binary,btaggartq9@nyu.edu,175.222.254.186,nyu,edu
947,Janine,Pearton,genderfluid,jpeartonqa@jiathis.com,45.238.40.4,jiathis,com
948,Araldo,Fillon,female,afillonqb@umich.edu,169.58.51.95,umich,edu
949,Lizbeth,Whymark,female,lwhymarkqc@google.com.au,97.204.144.34,google,com
950,Ketty,Pitchford,genderfluid,kpitchfordqd@chicagotribune.com,188.120.113.27,chicagotribune,com
951,Shem,Ferber,agender,sferberqe@whitehouse.gov,2.17.238.142,whitehouse,gov
952,Antonino,Giblett,genderqueer,agiblettqf@goo.ne.jp,143.239.97.65,goo,ne
953,Barbi,Shaves,agender,bshavesqg@w3.org,136.32.244.207,w3,org
954,Marcy,Ridhole,female,mridholeqh@canalblog.com,140.10.110.196,canalblog,com
955,Blythe,Andras,agender,bandrasqi@java.com,234.35.7.36,java,com
956,Alicia,Senchenko,agender,asenchenkoqj@apple.com,80.75.57.232,apple,com
957,Morena,Kiljan,polygender,mkiljanqk@pbs.org,154.133.231.229,pbs,org
958,Gwennie,Wherrett,genderfluid,gwherrettql@wordpress.org,63.161.250.194,wordpress,org
959,Kevin,Trinke,female,ktrinkeqm@mysql.com,79.107.129.189,mysql,com
960,Cicily,Rebillard,polygender,crebillardqn@gravatar.com,76.161.234.83,gravatar,com
961,Reinhold,Charlin,agender,rcharlinqo@ustream.tv,192.87.48.119,ustream,tv
962,Joelynn,Janney,genderfluid,jjanneyqp@ed.gov,246.137.43.39,ed,gov
963,Yolane,Gligoraci,polygender,ygligoraciqq@japanpost.jp,161.163.42.152,japanpost,jp
964,Richardo,Trill,polygender,rtrillqr@imageshack.us,103.24.129.147,imageshack,us
965,Homere,Stockley,polygender,hstockleyqs@europa.eu,168.8.96.142,europa,eu
966,Malissa,Kee,polygender,mkeeqt@wiley.com,55.231.54.55,wiley,com
967,Benita,Buyers,agender,bbuyersqu@bravesites.com,160.47.118.149,bravesites,com
968,Tamara,Dadds,genderfluid,tdaddsqv@earthlink.net,10.196.173.55,earthlink,net
969,Karil,Ebanks,polygender,kebanksqw@bravesites.com,114.72.167.7,bravesites,com
970,Lucius,Giamuzzo,non-binary,lgiamuzzoqx@wikispaces.com,173.76.242.26,wikispaces,com
971,Lynnett,De Gregorio,male,ldegregorioqy@engadget.com,26.172.19.245,engadget,com
972,Sanderson,Probyn,genderfluid,sprobynqz@examiner.com,220.201.90.117,examiner,com
973,Verna,Laidel,polygender,vlaidelr0@utexas.edu,158.41.2.113,utexas,edu
974,Genovera,Rubra,genderfluid,grubrar1@instagram.com,65.23.182.103,instagram,com
975,Barnabe,Runham,non-binary,brunhamr2@icq.com,250.107.175.225,icq,com
976,Guillema,Ditts,female,gdittsr3@lycos.com,19.56.64.191,lycos,com
977,Tore,Hadkins,genderfluid,thadkinsr4@prweb.com,28.35.189.211,prweb,com
978,Kali,Kupka,non-binary,kkupkar5@newyorker.com,198.48.11.8,newyorker,com
979,Inness,Karpov,non-binary,ikarpovr6@admin.ch,208.190.126.183,admin,ch
980,Simmonds,Kybbye,polygender,skybbyer7@reddit.com,124.195.0.222,reddit,com
981,Mendel,Rosenzveig,polygender,mrosenzveigr8@state.gov,201.1.148.64,state,gov
982,Meaghan,Olivi,agender,molivir9@prlog.org,52.1.87.181,prlog,org
983,Moyna,O'Crigan,non-binary,mocriganra@google.com.br,211.96.247.217,google,com
984,Fabien,Hesse,genderqueer,fhesserb@fc2.com,25.13.218.25,fc2,com
985,Sybyl,Kurten,male,skurtenrc@google.com.hk,65.49.214.149,google,com
986,De witt,Hamblington,female,dhamblingtonrd@alexa.com,77.209.118.67,alexa,com
987,Shelba,Luddy,bigender,sluddyre@noaa.gov,236.29.201.249,noaa,gov
988,Gail,Travis,agender,gtravisrf@unicef.org,241.179.246.208,unicef,org
989,Antone,Bradwell,genderfluid,abradwellrg@cbc.ca,30.163.162.85,cbc,ca
990,Batsheva,Cradduck,bigender,bcradduckrh@vkontakte.ru,253.18.4.203,vkontakte,ru
991,Dicky,Branigan,genderfluid,dbraniganri@hhs.gov,89.57.32.247,hhs,gov
992,Tasha,Islep,agender,tisleprj@gnu.org,7.246.81.44,gnu,org
993,Joellyn,Chestle,genderfluid,jchestlerk@delicious.com,212.111.15.217,delicious,com
994,Blondy,Shiell,female,bshiellrl@fema.gov,197.146.36.155,fema,gov
995,Gracie,Botger,polygender,gbotgerrm@scientificamerican.com,70.137.63.180,scientificamerican,com
996,Roxana,Prandi,agender,rprandirn@ox.ac.uk,227.67.205.244,ox,ac
997,Matthus,Chadwin,female,mchadwinro@hibu.com,189.120.124.155,hibu,com
998,Artur,Fairbanks,bigender,afairbanksrp@live.com,246.169.244.242,live,com
999,Amalee,Bingall,genderqueer,abingallrq@yandex.ru,16.201.179.189,yandex,ru
1000,Gunther,Karlik,genderfluid,gkarlikrr@smh.com.au,0.14.221.255,smh,com
